restaurant_id,restaurant_name,restaurant_url,restaurant_full_url,address,avg_rating,total_reviews,latitude,longitude,crawl_timestamp
311705,"Highlands Coffee - Trà, Cà Phê & Bánh - Vincom Nguyễn Duy Trinh",/ho-chi-minh/highlands-coffee-tra-ca-phe-banh-vincom-nguyen-duy-trinh,https://www.foody.vn/ho-chi-minh/highlands-coffee-tra-ca-phe-banh-vincom-nguyen-duy-trinh,"Tầng Trệt, 307 Nguyễn Duy Trinh, P. Bình Trưng Tây, Tp. Thủ Đức, TP. HCM",8.116,7,10.788437,106.765777,2026-06-07 02:58:05.124429+00:00
1000045833,Mì Dầu Hào HongKong Thượng Hạng 港式蚝油捞面 - ChaChaanTeng - Phan Phú Tiên,/ho-chi-minh/mi-dau-hao-hongkong-thuong-hang-%E6%B8%AF%E5%BC%8F%E8%9A%9D%E6%B2%B9%E6%8D%9E%E9%9D%A2-chachaanteng-phan-phu-tien,https://www.foody.vn/ho-chi-minh/mi-dau-hao-hongkong-thuong-hang-%E6%B8%AF%E5%BC%8F%E8%9A%9D%E6%B2%B9%E6%8D%9E%E9%9D%A2-chachaanteng-phan-phu-tien,"28 Phan Phú Tiên, P. 10, Quận 5, TP. HCM",6.854,796,10.7519372,106.6656543,2026-06-07 02:58:05.124429+00:00
1000035599,Đậu Hủ Cá Viên HongKong 港式鱼丸豆腐 - ChaChaanTeng,/ho-chi-minh/dau-hu-ca-vien-hongkong-%E6%B8%AF%E5%BC%8F%E9%B1%BC%E4%B8%B8%E8%B1%86%E8%85%90-chachaanteng,https://www.foody.vn/ho-chi-minh/dau-hu-ca-vien-hongkong-%E6%B8%AF%E5%BC%8F%E9%B1%BC%E4%B8%B8%E8%B1%86%E8%85%90-chachaanteng,"28 Phan Phú Tiên, P. 10, Quận 5, TP. HCM",7.022,174,10.7519372,106.6656543,2026-06-07 02:58:05.124429+00:00
1000046397,港式甜品店 Trôi Nước HongKong - ChaChaanTeng,/ho-chi-minh/%E6%B8%AF%E5%BC%8F%E7%94%9C%E5%93%81%E5%BA%97-troi-nuoc-hongkong-chachaanteng,https://www.foody.vn/ho-chi-minh/%E6%B8%AF%E5%BC%8F%E7%94%9C%E5%93%81%E5%BA%97-troi-nuoc-hongkong-chachaanteng,"28 Phan Phú Tiên, P. 10, Quận 5, TP. HCM",7.042,78,10.7519372,106.6656543,2026-06-07 02:58:05.124429+00:00
1024942,American Hotdog,/ho-chi-minh/american-hotdog,https://www.foody.vn/ho-chi-minh/american-hotdog,"28 Phan Phú Tiên, P. 10, Quận 5, TP. HCM",7.024,462,10.7519372,106.6656543,2026-06-07 02:58:05.124429+00:00
1000046725,Kaya Toast Nướng - Cá Viên 咖椰吐司-鱼丸 & ChaChaanTeng,/ho-chi-minh/kaya-toast-nuong-ca-vien-%E5%92%96%E6%A4%B0%E5%90%90%E5%8F%B8-%E9%B1%BC%E4%B8%B8-chachaanteng,https://www.foody.vn/ho-chi-minh/kaya-toast-nuong-ca-vien-%E5%92%96%E6%A4%B0%E5%90%90%E5%8F%B8-%E9%B1%BC%E4%B8%B8-chachaanteng,"28 Phan Phú Tiên, P. 10, Quận 5, TP. HCM",6.504,167,10.7519372,106.6656543,2026-06-07 02:58:05.124429+00:00
1000046642,茶餐厅 - Cha Chaan Teng - Ẩm Thực HongKong,/ho-chi-minh/%E8%8C%B6%E9%A4%90%E5%8E%85-cha-chaan-teng-am-thuc-hongkong,https://www.foody.vn/ho-chi-minh/%E8%8C%B6%E9%A4%90%E5%8E%85-cha-chaan-teng-am-thuc-hongkong,"28 Phan Phú Tiên, P. 10, Quận 5, TP. HCM",6.466,169,10.7519372,106.6656543,2026-06-07 02:58:05.124429+00:00
1000038809,Xôi Cadé Trần Phú Chính Gốc - 咖椰糯米饭,/ho-chi-minh/xoi-cade-tran-phu-chinh-goc-%E5%92%96%E6%A4%B0%E7%B3%AF%E7%B1%B3%E9%A5%AD,https://www.foody.vn/ho-chi-minh/xoi-cade-tran-phu-chinh-goc-%E5%92%96%E6%A4%B0%E7%B3%AF%E7%B1%B3%E9%A5%AD,"28 Phan Phú Tiên, P. 10, Quận 5, TP. HCM",6.58,223,10.7519372,106.6656543,2026-06-07 02:58:05.124429+00:00
49172,Cơm Tấm Nhớ - Nguyễn Thị Thập,/ho-chi-minh/com-tam-nho-nguyen-thi-thap,https://www.foody.vn/ho-chi-minh/com-tam-nho-nguyen-thi-thap,"609 Nguyễn Thị Thập, P. Tân Hưng, Quận 7, TP. HCM",5.62,31,10.7400242,106.702358,2026-06-07 02:58:05.124429+00:00
891412,Chè Thái Út Lyly,/ho-chi-minh/che-thai-ut-lyly,https://www.foody.vn/ho-chi-minh/che-thai-ut-lyly,"384 Nguyễn Trọng Tuyển, P. 2, Quận Tân Bình, TP. HCM",8.786,299,10.798682,106.661349,2026-06-07 02:58:05.124429+00:00
49062,Burger King - Phạm Ngũ Lão,/ho-chi-minh/burger-king-pham-ngu-lao,https://www.foody.vn/ho-chi-minh/burger-king-pham-ngu-lao,"223-225 Phạm Ngũ Lão, P. Phạm Ngũ Lão, Quận 1, TP. HCM",6.52,50,10.7684017,106.6927085,2026-06-07 02:58:05.124429+00:00
258535,Sandwich - Hamburger Chía Núi - Nguyễn Trãi,/ho-chi-minh/sandwich-hamburger-chia-nui-nguyen-trai,https://www.foody.vn/ho-chi-minh/sandwich-hamburger-chia-nui-nguyen-trai,"56 Trần Xuân Hòa, P. 7, Quận 5, TP. HCM",8.068,103,10.753842,106.667351,2026-06-07 02:58:05.124429+00:00
707512,Marcel Gourmet Burger - Calmette,/ho-chi-minh/marcel-gourmet-burger-calmette,https://www.foody.vn/ho-chi-minh/marcel-gourmet-burger-calmette,"115 Calmette, P. Nguyễn Thái Bình, Quận 1, TP. HCM",7.532,26,10.7685917,106.6984967,2026-06-07 02:58:06.252701+00:00
46554,Kim Thảo - Hột Vịt Lộn,/ho-chi-minh/kim-thao-hot-vit-lon,https://www.foody.vn/ho-chi-minh/kim-thao-hot-vit-lon,"104 Xuân Thủy, Tp. Thủ Đức, TP. HCM",6.12,123,10.804002,106.736101,2026-06-07 02:58:06.252701+00:00
913440,Minh Quán - Hủ Tiếu Nam Vang,/ho-chi-minh/minh-quan-hu-tieu-nam-vang,https://www.foody.vn/ho-chi-minh/minh-quan-hu-tieu-nam-vang,"77 Hà Huy Tập, P. Tân Phong, Quận 7, TP. HCM",5.934,3,10.726334,106.709718,2026-06-07 02:58:06.252701+00:00
644901,Chè Người Hoa An Điềm,/ho-chi-minh/che-nguoi-hoa-an-diem,https://www.foody.vn/ho-chi-minh/che-nguoi-hoa-an-diem,"28 Phan Phú Tiên, P. 10, Quận 5, TP. HCM",6.814,257,10.7519372,106.6656543,2026-06-07 02:58:06.252701+00:00
1000046303,Lẩu Cá Thác Lác Tươi Đặc Biệt - Phan Phú Tiên,/ho-chi-minh/lau-ca-thac-lac-tuoi-dac-biet-phan-phu-tien.jj93kq,https://www.foody.vn/ho-chi-minh/lau-ca-thac-lac-tuoi-dac-biet-phan-phu-tien.jj93kq,"28 Phan Phú Tiên, P. 10, Quận 5, TP. HCM",6.946,536,10.7519372,106.6656543,2026-06-07 02:58:06.252701+00:00
296773,Gà Rán KFC - Huỳnh Tấn Phát,/ho-chi-minh/kfc-huynh-tan-phat,https://www.foody.vn/ho-chi-minh/kfc-huynh-tan-phat,"719 Huỳnh Tấn Phát, P. Phú Thuận, Quận 7, TP. HCM",6.82,9,10.735892,106.730854,2026-06-07 02:58:06.252701+00:00
90873,Bánh Đúc - Thích Quảng Đức,/ho-chi-minh/banh-duc-thich-quang-duc,https://www.foody.vn/ho-chi-minh/banh-duc-thich-quang-duc,"100/14 Thích Quảng Đức, P. 5, Quận Phú Nhuận, TP. HCM",7.048,30,10.806255,106.681843,2026-06-07 02:58:06.252701+00:00
1042937,"3 Râu - Gà Rán, Pizza & Trà Sữa - Tôn Đản",/ho-chi-minh/3-rau-ga-ran-pizza-tra-sua-ton-dan,https://www.foody.vn/ho-chi-minh/3-rau-ga-ran-pizza-tra-sua-ton-dan,"289 Tôn Đản, P. 15, Quận 4, TP. HCM",8.55,4,10.7553852,106.7060378,2026-06-07 02:58:06.252701+00:00
738457,"Chân Gà, Gà Nướng & Cút Nướng",/ho-chi-minh/chan-ga-ga-nuong-cut-nuong,https://www.foody.vn/ho-chi-minh/chan-ga-ga-nuong-cut-nuong,"58B Ung Văn Khiêm, P. 25, Quận Bình Thạnh, TP. HCM",5.332,12,10.807941,106.715294,2026-06-07 02:58:06.252701+00:00
93031,Cô Diệu - Bánh Canh Cua - Nguyễn Kiệm,/ho-chi-minh/quan-co-dieu-banh-canh-cua,https://www.foody.vn/ho-chi-minh/quan-co-dieu-banh-canh-cua,"712 Nguyễn Kiệm, P. 4, Quận Phú Nhuận, TP. HCM",6.62,32,10.80728,106.67853,2026-06-07 02:58:06.252701+00:00
930721,Sinh Tố Cô Quỳnh,/ho-chi-minh/sinh-to-co-quynh,https://www.foody.vn/ho-chi-minh/sinh-to-co-quynh,"341/10 Nhật Tảo, P. 6, Quận 10, TP. HCM",5.578,16,10.7634011,106.6659057,2026-06-07 02:58:06.252701+00:00
46363,Vịt Quay Huỳnh Ký - Cầu Bông,/ho-chi-minh/vit-quay-huynh-ky-cau-bong,https://www.foody.vn/ho-chi-minh/vit-quay-huynh-ky-cau-bong,"2 Bis Trần Quang Khải, Quận 1, TP. HCM",5.516,50,10.7927664,106.6957184,2026-06-07 02:58:06.252701+00:00
876806,Phở Gà & Cháo Gà - Ngô Gia Tự,/ho-chi-minh/pho-ga-chao-ga-ngo-gia-tu,https://www.foody.vn/ho-chi-minh/pho-ga-chao-ga-ngo-gia-tu,"233 Ngô Gia Tự, P. 3, Quận 10, TP. HCM",6.76,5,10.763405,106.671665,2026-06-07 02:58:07.441825+00:00
785300,Bánh Cuốn TonKin,/ho-chi-minh/banh-cuon-tonkin,https://www.foody.vn/ho-chi-minh/banh-cuon-tonkin,"4-1A Nguyễn Cao, P. Tân Phong, Quận 7, TP. HCM",5.6,4,10.7265369,106.7122882,2026-06-07 02:58:07.441825+00:00
1020313,Tiệm Bánh Mì Những Chàng Trai - Thành Thái,/ho-chi-minh/tiem-banh-mi-nhung-chang-trai-thanh-thai,https://www.foody.vn/ho-chi-minh/tiem-banh-mi-nhung-chang-trai-thanh-thai,"10 Thành Thái, P. 12, Quận 10, TP. HCM",4.858,7,10.769317,106.666522,2026-06-07 02:58:07.441825+00:00
5682,Thanh Xuân - Hủ Tiếu Cua Mỹ Tho,/ho-chi-minh/thanh-xuan-hu-tieu-my-tho,https://www.foody.vn/ho-chi-minh/thanh-xuan-hu-tieu-my-tho,"62 Tôn Thất THiệp, P. Bến Nghé, Quận 1, TP. HCM",5.3,144,10.773538,106.701968,2026-06-07 02:58:07.441825+00:00
730845,Cơm Gà Xối Mỡ 37,/ho-chi-minh/com-ga-xoi-mo-37,https://www.foody.vn/ho-chi-minh/com-ga-xoi-mo-37,"37 Ngô Quyền, Quận 5, TP. HCM",8.5,2,10.7521533,106.6665873,2026-06-07 02:58:07.441825+00:00
945067,Nga Bình Định - Bánh Tráng Trộn & Bánh Tráng Cuốn,/ho-chi-minh/nga-binh-dinh-banh-trang-tron-banh-trang-cuon,https://www.foody.vn/ho-chi-minh/nga-binh-dinh-banh-trang-tron-banh-trang-cuon,"14 Nguyễn Văn Bảo, P. 4, Quận Gò Vấp, TP. HCM",6.6,6,10.823168,106.685954,2026-06-07 02:58:07.441825+00:00
897674,Bánh Mì Hà Nội - 627B Cách Mạng Tháng 8,/ho-chi-minh/banh-mi-ha-noi-627b-cach-mang-thang-8,https://www.foody.vn/ho-chi-minh/banh-mi-ha-noi-627b-cach-mang-thang-8,"627B Cách Mạng Tháng Tám, Quận 10, TP. HCM",7.6,5,10.785345,106.667267,2026-06-07 02:58:07.441825+00:00
5016,Bánh Cuốn Thiên Hương - 3 Tháng 2,/ho-chi-minh/banh-cuon-thien-huong-3-2,https://www.foody.vn/ho-chi-minh/banh-cuon-thien-huong-3-2,"177/2 Đường 3 Tháng 2, P. 10, Quận 10, TP. HCM",5.894,170,10.7722968,106.6754996,2026-06-07 02:58:07.441825+00:00
16944,Gỏi Khô Bò Ông Năm - Nguyễn Văn Thủ,/ho-chi-minh/goi-kho-bo-nguyen-van-thu,https://www.foody.vn/ho-chi-minh/goi-kho-bo-nguyen-van-thu,"76 Nguyễn Văn Thủ, P. Đa Kao, Quận 1, TP. HCM",7.438,59,10.789885,106.698835,2026-06-07 02:58:07.441825+00:00
32447,Ba Lê - Bánh Mì Thổ Nhĩ Kỳ,/ho-chi-minh/banh-mi-kebab-tho-nhi-ky,https://www.foody.vn/ho-chi-minh/banh-mi-kebab-tho-nhi-ky,"206 Vĩnh Viễn, P. 4, Quận 10, TP. HCM",6.118,22,10.764389,106.6699843,2026-06-07 02:58:07.441825+00:00
983365,Cháo Trẻ Em - Cháo Dinh Dưỡng UNO - Lý Thái Tổ,/ho-chi-minh/chao-tre-em-chao-dinh-duong-uno-ly-thai-to,https://www.foody.vn/ho-chi-minh/chao-tre-em-chao-dinh-duong-uno-ly-thai-to,"546 Lý Thái Tổ, P. 10, Quận 10, TP. HCM",8.0,2,10.768065,106.670739,2026-06-07 02:58:07.441825+00:00
1197576,Bánh Mì Trạng - Lê Quang Sung,/ho-chi-minh/banh-mi-trang-le-quang-sung,https://www.foody.vn/ho-chi-minh/banh-mi-trang-le-quang-sung,"Số 250 Lê Quang Sung, P. 2, Quận 6, TP. HCM",1.2,1,10.751557,106.645447,2026-06-07 02:58:07.441825+00:00
1147928,Quán A Thuỷ - Bánh Tráng Tóp Mỡ Lòng Đào & Bánh Tráng Nướng,/ho-chi-minh/quan-a-thuy-banh-trang-top-mo-long-dao-banh-trang-nuong,https://www.foody.vn/ho-chi-minh/quan-a-thuy-banh-trang-top-mo-long-dao-banh-trang-nuong,"78A Phan Huy Ích, P. 15, Quận Tân Bình, TP. HCM",10.0,120,10.8278893,106.6318839,2026-06-07 02:58:08.618603+00:00
269602,Mì Cay Sasin - 324 An Dương Vương,/ho-chi-minh/mi-cay-sasin-292-an-duong-vuong,https://www.foody.vn/ho-chi-minh/mi-cay-sasin-292-an-duong-vuong,"324 An Dương Vương, P. 4, Quận 5, TP. HCM",6.398,257,10.7599645,106.6795215,2026-06-07 02:58:08.618603+00:00
47369,Sủi Cảo 162 - Hà Tôn Quyền,/ho-chi-minh/sui-cao-162-ha-ton-quyen,https://www.foody.vn/ho-chi-minh/sui-cao-162-ha-ton-quyen,"162 Hà Tôn Quyền, P. 4, Quận 11, TP. HCM",7.378,52,10.758,106.653,2026-06-07 02:58:08.618603+00:00
1062097,Trà Sữa Maycha - Vạn Kiếp,/ho-chi-minh/tra-sua-maycha-van-kiep,https://www.foody.vn/ho-chi-minh/tra-sua-maycha-van-kiep,"45 - 47 Vạn Kiếp, P. 3, Quận Bình Thạnh, TP. HCM",7.658,17,10.8008133,106.693523,2026-06-07 02:58:08.618603+00:00
939446,Bún Đậu Quỳnh Hồng,/ho-chi-minh/bun-dau-quynh-hong,https://www.foody.vn/ho-chi-minh/bun-dau-quynh-hong,"11A Vườn Lài, P. Tân Thành, Quận Tân Phú, TP. HCM",7.72,5,10.787678,106.633843,2026-06-07 02:58:08.618603+00:00
1048656,Xôi Bình Tiên - Tỉnh Lộ 10,/ho-chi-minh/xoi-binh-tien-tinh-lo-10,https://www.foody.vn/ho-chi-minh/xoi-binh-tien-tinh-lo-10,"526 Tỉnh Lộ 10, P. Bình Trị Đông, Quận Bình Tân, TP. HCM",9.4,2,10.757551,106.617925,2026-06-07 02:58:08.618603+00:00
49309,The Crab Shack - Nhà Hàng Hải Sản - Tú Xương,/ho-chi-minh/the-crab-shack-nha-hang-hai-san-tu-xuong,https://www.foody.vn/ho-chi-minh/the-crab-shack-nha-hang-hai-san-tu-xuong,"61B Tú Xương, P. Võ Thị Sáu, Quận 3, TP. HCM",7.252,103,10.7774276,106.6833103,2026-06-07 02:58:08.618603+00:00
1191206,DK CHICKEN - GÀ RÁN HÀN QUỐC - Nguyễn Tuyển,/ho-chi-minh/dk-chicken-ga-ran-han-quoc-nguyen-tuyen,https://www.foody.vn/ho-chi-minh/dk-chicken-ga-ran-han-quoc-nguyen-tuyen,"9 Nguyễn Tuyển, P. Bình Trưng Tây, Tp. Thủ Đức, TP. HCM",9.8,2,10.7867021,106.7644382,2026-06-07 02:58:08.618603+00:00
174482,Domino’s Pizza - Lê Văn Việt,/ho-chi-minh/domino-s-pizza-le-van-viet,https://www.foody.vn/ho-chi-minh/domino-s-pizza-le-van-viet,"196 Lê Văn Việt, P. Tăng Nhơn Phú B, Tp. Thủ Đức, TP. HCM",7.4,53,10.8442187,106.7843918,2026-06-07 02:58:08.618603+00:00
882450,Domino’s Pizza - Lê Văn Khương,/ho-chi-minh/domino-s-pizza-le-van-khuong,https://www.foody.vn/ho-chi-minh/domino-s-pizza-le-van-khuong,"291 Lê Văn Khương, P. Hiệp Thành, Quận 12, TP. HCM",9.24,5,10.870012,106.649361,2026-06-07 02:58:08.618603+00:00
103718,Gà Rán & Burger Lotteria - Hậu Giang,/ho-chi-minh/ga-ran-burger-lotteria-hau-giang,https://www.foody.vn/ho-chi-minh/ga-ran-burger-lotteria-hau-giang,"52 Hậu Giang, P. 6, Quận 6, TP. HCM",6.738,23,10.749557,106.647334,2026-06-07 02:58:08.618603+00:00
786135,Cơm Út Diễm - Cơm Trưa Văn Phòng,/ho-chi-minh/com-ut-diem-com-trua-van-phong,https://www.foody.vn/ho-chi-minh/com-ut-diem-com-trua-van-phong,"120/10 Trần Hưng Đạo, P. Phạm Ngũ Lão, Quận 1, TP. HCM",5.0,2,10.76594,106.692131,2026-06-07 02:58:08.618603+00:00
4479,Hoàng Ty Group - Đặc sản Trảng Bàng - Nguyễn Hữu Cầu,/ho-chi-minh/hoang-ty-dac-san-trang-bang-nguyen-huu-cau,https://www.foody.vn/ho-chi-minh/hoang-ty-dac-san-trang-bang-nguyen-huu-cau,"01 Nguyễn Hữu Cầu, P. Tân Định, Quận 1, TP. HCM",6.782,123,10.791611,106.691183,2026-06-07 02:58:09.855770+00:00
100424,Hanuri - Quán Ăn Hàn Quốc - Xô Viết Nghệ Tĩnh,/ho-chi-minh/hanuri-quan-an-han-quoc-xo-viet-nghe-tinh,https://www.foody.vn/ho-chi-minh/hanuri-quan-an-han-quoc-xo-viet-nghe-tinh,"121 Xô Viết Nghệ Tĩnh, P. 17, Quận Bình Thạnh, TP. HCM",7.252,673,10.7939338,106.7089096,2026-06-07 02:58:09.855770+00:00
719663,Bún Bò Sa Tế Sả - Phú Thuận,/ho-chi-minh/bun-bo-sa-te-sa-phu-thuan,https://www.foody.vn/ho-chi-minh/bun-bo-sa-te-sa-phu-thuan,"B1 Phú Thuận, P. Phú Thuận, Quận 7, TP. HCM",7.028,16,10.73157,106.735404,2026-06-07 02:58:09.855770+00:00
90018,San Fu Lou - Ẩm Thực Quảng Đông - Lê Lai,/ho-chi-minh/nha-hang-san-fu-lou,https://www.foody.vn/ho-chi-minh/nha-hang-san-fu-lou,"Tầng Trệt, AB Tower, 76A Lê Lai, P. Bến Thành, Quận 1, TP. HCM",7.748,621,10.770537,106.694305,2026-06-07 02:58:09.855770+00:00
936118,Cháo Lòng Vị Xưa,/ho-chi-minh/chao-long-vi-xua,https://www.foody.vn/ho-chi-minh/chao-long-vi-xua,"65 Hoàng Thiều Hoa. P. Hiệp Tân, Quận Tân Phú, TP. HCM",8.6,4,10.7756695,106.6295616,2026-06-07 02:58:09.855770+00:00
871083,Gà Rán & Burger McDonald’s Celadon AEON Tan Phu,/ho-chi-minh/ga-ran-burger-mcdonald-s-celadon-aeon-tan-phu,https://www.foody.vn/ho-chi-minh/ga-ran-burger-mcdonald-s-celadon-aeon-tan-phu,"G28, Tầng Trệt AEON Mall Tân Phú, 30 Bờ Bao Tân Thắng, P. Sơn Kỳ, Quận Tân Phú, TP. HCM",6.4,11,10.801892,106.618029,2026-06-07 02:58:09.855770+00:00
721802,Hoàng Ty Group - Đặc Sản Trảng Bàng - Hoa Mai,/ho-chi-minh/hoang-ty-dac-san-trang-bang-hoa-mai,https://www.foody.vn/ho-chi-minh/hoang-ty-dac-san-trang-bang-hoa-mai,"32 Hoa Mai, P. 2, Quận Phú Nhuận, TP. HCM",7.12,83,10.797457,106.687044,2026-06-07 02:58:09.855770+00:00
4478,Hoàng Ty Group - Đặc sản Trảng Bàng - Trương Quốc Dung,/ho-chi-minh/hoang-ty-dac-san-trang-bang-truong-quoc-dung,https://www.foody.vn/ho-chi-minh/hoang-ty-dac-san-trang-bang-truong-quoc-dung,"74 Trương Quốc Dung, Quận Phú Nhuận, TP. HCM",6.914,150,10.7952819,106.672468,2026-06-07 02:58:09.855770+00:00
1112162,Cơm Tấm Lành - Cơm Tấm & Bún Thịt Nướng - Lạc Long Quân,/ho-chi-minh/com-tam-lanh-com-tam-bun-thit-nuong-lac-long-quan,https://www.foody.vn/ho-chi-minh/com-tam-lanh-com-tam-bun-thit-nuong-lac-long-quan,"1007/77 Lạc Long Quân, P. 11, Quận Tân Bình, TP. HCM",1.0,1,10.7876728,106.6493151,2026-06-07 02:58:09.855770+00:00
1014518,SteakZone,/ho-chi-minh/steak-zone,https://www.foody.vn/ho-chi-minh/steak-zone,"77 Lê Quang Sung, P. 6, Quận 6, TP. HCM",7.356,513,10.751338,106.6481756,2026-06-07 02:58:09.855770+00:00
1118690,"Highlands Coffee - Trà, Cà Phê & Bánh - 236 Tô Ngọc Vân",/ho-chi-minh/highlands-coffee-tra-ca-phe-banh-236-to-ngoc-van,https://www.foody.vn/ho-chi-minh/highlands-coffee-tra-ca-phe-banh-236-to-ngoc-van,"236 Tô Ngọc Vân, P. Linh Đông, Tp. Thủ Đức, TP. HCM",6.1,2,10.8578117,106.7495959,2026-06-07 02:58:09.855770+00:00
251753,KOI Thé - AEON Mall Bình Tân,/ho-chi-minh/koi-the-aeon-mall-binh-tan,https://www.foody.vn/ho-chi-minh/koi-the-aeon-mall-binh-tan,"Lô F29B, Tầng 1, Aeon Mall Bình Tân, 1 Đường Số 17A, P. Bình Trị Đông, Quận Bình Tân, TP. HCM",7.32,225,10.7429605,106.6118665,2026-06-07 02:58:09.855770+00:00
4639,Domino’s Pizza - Nguyễn Tri Phương,/ho-chi-minh/domino-s-pizza-nguyen-tri-phuong,https://www.foody.vn/ho-chi-minh/domino-s-pizza-nguyen-tri-phuong,"313 Nguyễn Tri Phương, P. 5, Quận 10, TP. HCM",7.404,281,10.761739,106.668376,2026-06-07 02:58:10.953246+00:00
4106,Gà Rán KFC - Crescent Mall,/ho-chi-minh/kfc-crescent-mall,https://www.foody.vn/ho-chi-minh/kfc-crescent-mall,"Tầng 5 Crescent Mall, 101 Tôn Dật Tiên, P. Tân Phú, Quận 7, TP. HCM",7.14,51,10.7290836,106.7188731,2026-06-07 02:58:10.953246+00:00
48315,Domino’s Pizza - Tên Lửa,/ho-chi-minh/domino-s-pizza-ten-lua,https://www.foody.vn/ho-chi-minh/domino-s-pizza-ten-lua,"348 - 350 Tên Lửa, P. Bình Trị Đông B, Quận Bình Tân, TP. HCM",7.574,44,10.7517468,106.6103727,2026-06-07 02:58:10.953246+00:00
31829,Gà Rán KFC - Ngô Gia Tự,/ho-chi-minh/kfc-ngo-gia-tu,https://www.foody.vn/ho-chi-minh/kfc-ngo-gia-tu,"1 - 3 Ngô Gia Tự, P. 2, Quận 10, TP. HCM",6.686,98,10.7672566,106.6742617,2026-06-07 02:58:10.953246+00:00
14732,Bánh Xèo Cầu Ván - Lũy Bán Bích,/ho-chi-minh/banh-xeo-cau-van-luy-ban-bich,https://www.foody.vn/ho-chi-minh/banh-xeo-cau-van-luy-ban-bich,"211 Lũy Bán Bích, P. Hiệp Tân, Quận Tân Phú, TP. HCM",5.636,17,10.76977,106.6318,2026-06-07 02:58:10.953246+00:00
692682,Bò Bía Trứng - Chợ Tân Định,/ho-chi-minh/bo-bia-trung-cho-tan-dinh,https://www.foody.vn/ho-chi-minh/bo-bia-trung-cho-tan-dinh,"127 Nguyễn Hữu Cầu, P. Tân Định, Quận 1, TP. HCM",6.55,21,10.7896971,106.6903366,2026-06-07 02:58:10.953246+00:00
1000044179,Ăn Vặt Cô 2 - Nguyễn Nhữ Lãm,/ho-chi-minh/an-vat-co-2-nguyen-nhu-lam,https://www.foody.vn/ho-chi-minh/an-vat-co-2-nguyen-nhu-lam,"16/19 Nguyễn Nhữ Lãm, P. Phú Thọ Hòa, Quận Tân Phú, TP. HCM",8.3,2,10.7839443,106.6271663,2026-06-07 02:58:10.953246+00:00
12124,Chị Tuyền - Bún Thịt Nướng,/ho-chi-minh/chi-tuyen-bun-thit-nuong,https://www.foody.vn/ho-chi-minh/chi-tuyen-bun-thit-nuong,"175C Cô Giang, P. Cô Giang, Quận 1, TP. HCM",6.73,196,10.761839,106.693669,2026-06-07 02:58:10.953246+00:00
39928,Pizza Hut - Nguyễn Tri Phương,/ho-chi-minh/pizza-hut-nguyen-tri-phuong,https://www.foody.vn/ho-chi-minh/pizza-hut-nguyen-tri-phuong,"397 Nguyễn Tri Phương, Quận 10, TP. HCM",6.614,56,10.763475,106.667944,2026-06-07 02:58:10.953246+00:00
197062,Chè Đậu 3 Màu - Nguyễn Văn Giai,/ho-chi-minh/che-dau-3-mau-nguyen-van-giai,https://www.foody.vn/ho-chi-minh/che-dau-3-mau-nguyen-van-giai,"16E Nguyễn Văn Giai, P. Đa Kao, Quận 1, TP. HCM",7.31,11,10.7919274,106.6970321,2026-06-07 02:58:10.953246+00:00
793349,"Highlands Coffee - Trà, Cà Phê & Bánh - Trung Mỹ Tây",/ho-chi-minh/highlands-coffee-tra-ca-phe-banh-trung-my-tay,https://www.foody.vn/ho-chi-minh/highlands-coffee-tra-ca-phe-banh-trung-my-tay,"371 Nguyễn Ảnh Thủ, Khu Phố 3, P. Trung Mỹ Tây, Quận 12, TP. HCM",6.22,10,10.860222,106.610457,2026-06-07 02:58:10.953246+00:00
111823,Nhà Hàng Chay Thiện Duyên - Ẩm Thực Chay,/ho-chi-minh/chay-thien-duyen-am-thuc-chay,https://www.foody.vn/ho-chi-minh/chay-thien-duyen-am-thuc-chay,"505 Xa Lộ Hà Nội, P. An Phú, Tp. Thủ Đức, TP. HCM",7.17,20,10.8030641,106.7522138,2026-06-07 02:58:10.953246+00:00
1113034,Haidilao - Landmark 81,/ho-chi-minh/haidilao-landmark-81,https://www.foody.vn/ho-chi-minh/haidilao-landmark-81,"B1-14, Tầng B1, TTTM Landmark 81, 208 Nguyễn Hữu Cảnh, P. 22, Quận Bình Thạnh, TP. HCM",7.056,7,10.7953214,106.722148,2026-06-07 02:58:12.048748+00:00
897670,Hủ Tiếu Chay - Trường Sơn,/ho-chi-minh/hu-tieu-chay-truong-son,https://www.foody.vn/ho-chi-minh/hu-tieu-chay-truong-son,"49 Trường Sơn, P. 15, Quận 10, TP. HCM",8.4,2,10.784922,106.6659767,2026-06-07 02:58:12.048748+00:00
963585,Cheese Coffee - Lê Thị Riêng,/ho-chi-minh/cheese-coffee-le-thi-rieng,https://www.foody.vn/ho-chi-minh/cheese-coffee-le-thi-rieng,"41 Lê Thị Riêng, P. Bến Thành, Quận 1, TP. HCM",7.638,68,10.771345,106.691652,2026-06-07 02:58:12.048748+00:00
1053356,Cháo Dinh Dưỡng Panda - Đặng Chất,/ho-chi-minh/chao-dinh-duong-panda-dang-chat,https://www.foody.vn/ho-chi-minh/chao-dinh-duong-panda-dang-chat,"12 Đặng Chất, P. 3, Quận 8, TP. HCM",9.328,27,10.747472,106.68519,2026-06-07 02:58:12.048748+00:00
1134551,Cơm Chay Diệu Đức - Bún Bò Chay & Mì Quảng Chay - Phan Văn Hớn,/ho-chi-minh/com-chay-dieu-duc-bun-bo-chay-mi-quang-chay-phan-van-hon,https://www.foody.vn/ho-chi-minh/com-chay-dieu-duc-bun-bo-chay-mi-quang-chay-phan-van-hon,"10/8 Ấp Tiền Lân, Đường Phan Văn Hớn, X. Bà Điểm, Huyện Hóc Môn, TP. HCM",10.0,1,10.841467,106.597179,2026-06-07 02:58:12.048748+00:00
48637,Cơm Tấm Hoàng Gia,/ho-chi-minh/com-tam-hoang-gia,https://www.foody.vn/ho-chi-minh/com-tam-hoang-gia,"57 Bửu Đình, Quận 6, TP. HCM",7.56,5,10.749731,106.643842,2026-06-07 02:58:12.048748+00:00
1252211,NHẪN HOA Trà Lẩu - Cách Mạng Tháng 8,/ho-chi-minh/nhan-hoa-tra-lau-cach-mang-thang-8,https://www.foody.vn/ho-chi-minh/nhan-hoa-tra-lau-cach-mang-thang-8,"927/8 Cách Mạng Tháng 8, P. 7, Quận Tân Bình, TP. HCM",10.0,50,10.7894798,106.658757,2026-06-07 02:58:12.048748+00:00
21444,Hủ Tiếu Nam Vang 69 - Hủ Tiếu Khô Đặc Biệt,/ho-chi-minh/hu-tieu-nam-vang-69-hu-tieu-kho-dac-biet,https://www.foody.vn/ho-chi-minh/hu-tieu-nam-vang-69-hu-tieu-kho-dac-biet,"69 Trần Huy Liệu, P. 12, Quận Phú Nhuận, TP. HCM",6.05,4,10.792054,106.678024,2026-06-07 02:58:12.048748+00:00
726588,Phúc Long Tô Hiến Thành,/ho-chi-minh/phuc-long-to-hien-thanh,https://www.foody.vn/ho-chi-minh/phuc-long-to-hien-thanh,"218A Thành Thái, P. 15, Quận 10, TP. HCM",6.418,116,10.777094,106.662899,2026-06-07 02:58:12.048748+00:00
1026564,Gà Rán Popeyes - Tên Lửa,/ho-chi-minh/ga-ran-popeyes-ten-lua,https://www.foody.vn/ho-chi-minh/ga-ran-popeyes-ten-lua,"223 Đường Số 7, P. Bình Trị Đông, Quận Bình Tân, TP. HCM",7.45,4,10.751652,106.613914,2026-06-07 02:58:12.048748+00:00
1060652,RiChii - Cơm Gà Sốt - Đường Số 6,/ho-chi-minh/richii-com-ga-sot-duong-so-6,https://www.foody.vn/ho-chi-minh/richii-com-ga-sot-duong-so-6,"14A Đường Số 6, P. An Lạc A, Quận Bình Tân, TP. HCM",9.8,2,10.7472277,106.6185595,2026-06-07 02:58:12.048748+00:00
700114,Cơm Gà A Tý,/ho-chi-minh/com-ga-a-ty,https://www.foody.vn/ho-chi-minh/com-ga-a-ty,"676/38 Lê Quang Định, P. 1, Quận Gò Vấp, TP. HCM",4.734,3,10.8209764,106.6898173,2026-06-07 02:58:12.048748+00:00
2058,Bánh Xèo Ngọc Sơn,/ho-chi-minh/banh-xeo-ngoc-son,https://www.foody.vn/ho-chi-minh/banh-xeo-ngoc-son,"103 Ngô Quyền, P. 11, Quận 5, TP. HCM",6.806,78,10.7544758,106.6664633,2026-06-07 02:58:13.155372+00:00
91868,Cơm Gà Xối Mỡ Thanh,/ho-chi-minh/com-ga-xoi-mo-thanh,https://www.foody.vn/ho-chi-minh/com-ga-xoi-mo-thanh,"214/1 Nguyễn Trãi, P. 3, Quận 5, TP. HCM",6.978,17,10.7567384,106.6769434,2026-06-07 02:58:13.155372+00:00
725883,Cơm Tấm Ngô Quyền - Đường Số 36,/ho-chi-minh/com-tam-ngo-quyen-duong-so-36,https://www.foody.vn/ho-chi-minh/com-tam-ngo-quyen-duong-so-36,"36 Đường Số 36, P. Linh Đông, Tp. Thủ Đức, TP. HCM",8.4,3,10.839182,106.745524,2026-06-07 02:58:13.155372+00:00
44122,Lẩu Cá Kèo Bà Huyện - Nguyễn Thông,/ho-chi-minh/lau-ca-keo-ba-huyen-2,https://www.foody.vn/ho-chi-minh/lau-ca-keo-ba-huyen-2,"10 Nguyễn Thông, P. 7, Quận 3, TP. HCM",6.554,44,10.7775422,106.685314,2026-06-07 02:58:13.155372+00:00
1041567,Busan Korean Food - Món Hàn Quốc - Nguyễn Gia Trí,/ho-chi-minh/busan-korean-food-mon-han-quoc-nguyen-gia-tri,https://www.foody.vn/ho-chi-minh/busan-korean-food-mon-han-quoc-nguyen-gia-tri,"92 Nguyễn Gia Trí, P. 25, Quận Bình Thạnh, TP. HCM",6.092,11,10.803799,106.715883,2026-06-07 02:58:13.155372+00:00
661136,Phở Việt Nam - Homemade - Trần Quốc Toản,/ho-chi-minh/pho-viet-nam-tran-quoc-toan,https://www.foody.vn/ho-chi-minh/pho-viet-nam-tran-quoc-toan,"66 Trần Quốc Toản, P. 8, Quận 3, TP. HCM",7.142,73,10.788181,106.688635,2026-06-07 02:58:13.155372+00:00
164870,The Pizza Company - Lê Văn Sỹ,/ho-chi-minh/the-pizza-company-le-van-sy,https://www.foody.vn/ho-chi-minh/the-pizza-company-le-van-sy,"333 Lê Văn Sỹ, P. 13, Quận 3, TP. HCM",7.134,144,10.787934,106.677434,2026-06-07 02:58:13.155372+00:00
116800,Lẩu Gà Ớt Hiểm 109 - Nguyễn Thiện Thuật,/ho-chi-minh/lau-ga-109-nguyen-thien-thuat,https://www.foody.vn/ho-chi-minh/lau-ga-109-nguyen-thien-thuat,"109/6 Nguyễn Thiên Thuật, P. 2, Quận 3, TP. HCM",6.984,293,10.767422,106.680206,2026-06-07 02:58:13.155372+00:00
3981,Gà rán và Mì Ý - Jollibee - Trần Hưng Đạo - HCM,/ho-chi-minh/ga-ran-va-mi-y-jollibee-tran-hung-dao-hcm,https://www.foody.vn/ho-chi-minh/ga-ran-va-mi-y-jollibee-tran-hung-dao-hcm,"354 - 356 Trần Hưng Đạo, P. 2, Quận 5, TP. HCM",6.894,144,10.75635,106.684628,2026-06-07 02:58:13.155372+00:00
247390,Gà Rán & Burger McDonald’s Saigon Supermarket,/ho-chi-minh/ga-ran-burger-mcdonald-s-saigon-supermarket,https://www.foody.vn/ho-chi-minh/ga-ran-burger-mcdonald-s-saigon-supermarket,"Siêu Thị Sài Gòn, 460 Đường 3 Tháng 2, P. 12, Quận 10, TP. HCM",6.722,87,10.7681131,106.6674131,2026-06-07 02:58:13.155372+00:00
874669,Cơm Tấm Thanh Tiên - Đường Số 7,/ho-chi-minh/com-tam-thanh-tien,https://www.foody.vn/ho-chi-minh/com-tam-thanh-tien,"211 Đường Số 7, P. Bình Trị Đông B, Quận Bình Tân, TP. HCM",4.1,2,10.75165,106.614356,2026-06-07 02:58:13.155372+00:00
1000065880,Bánh Mì - Xôi Mặn TUẤN MẬP - 348 Lê Đức Thọ,/ho-chi-minh/banh-mi-xoi-man-tuan-map-348-le-duc-tho,https://www.foody.vn/ho-chi-minh/banh-mi-xoi-man-tuan-map-348-le-duc-tho,"348 Lê Đức Thọ, P. 6 , Quận Gò Vấp, TP. HCM",8.4,1,10.8405664,106.6786508,2026-06-07 02:58:13.155372+00:00
1055096,Bún Chua Cay Macao,/ho-chi-minh/bun-chua-cay-macao,https://www.foody.vn/ho-chi-minh/bun-chua-cay-macao,"51 Bửu Đình, P. 5, Quận 6, TP. HCM",9.04,5,10.748756,106.64501,2026-06-07 02:58:14.290890+00:00
893214,Bánh Mì PewPew - Đường D5,/ho-chi-minh/banh-mi-pewpew-duong-d5,https://www.foody.vn/ho-chi-minh/banh-mi-pewpew-duong-d5,"84 Đường D5, P. 25, Quận Bình Thạnh, TP. HCM",5.982,236,10.806042,106.714912,2026-06-07 02:58:14.290890+00:00
761092,Uncle Lu’s Cheesecake - Bánh Phô Mai Nhật Bản & Bánh Kem Sinh Nhật,/ho-chi-minh/uncle-lu-s-cheesecake-banh-pho-mai-nhat-ban-banh-kem-sinh-nhat,https://www.foody.vn/ho-chi-minh/uncle-lu-s-cheesecake-banh-pho-mai-nhat-ban-banh-kem-sinh-nhat,"652 Sư Vạn Hạnh, P. 12, Quận 10, TP. HCM",6.958,24,10.770204,106.670556,2026-06-07 02:58:14.290890+00:00
957566,Bánh Kem Tuấn Tú,/ho-chi-minh/banh-kem-tuan-tu,https://www.foody.vn/ho-chi-minh/banh-kem-tuan-tu,"455 An Dương Vương, P. 11, Quận 6, TP. HCM",6.6,2,10.743674,106.62374,2026-06-07 02:58:14.290890+00:00
162933,Clover Tea - Trà Sữa Siêu Topping,/ho-chi-minh/clover-tea-tra-sua-sieu-topping,https://www.foody.vn/ho-chi-minh/clover-tea-tra-sua-sieu-topping,"151 Bông Sao, P. 5, Quận 8, TP. HCM",6.612,37,10.7382793,106.6626846,2026-06-07 02:58:14.290890+00:00
185635,Bún Bò A Hùng,/ho-chi-minh/bun-bo-a-hung,https://www.foody.vn/ho-chi-minh/bun-bo-a-hung,"68/106 Đồng Nai, P. 15, Quận 10, TP. HCM",6.736,43,10.7805543,106.6652308,2026-06-07 02:58:14.290890+00:00
108070,Phở Gia Truyền - An Dương Vương,/ho-chi-minh/pho-gia-truyen-an-duong-vuong,https://www.foody.vn/ho-chi-minh/pho-gia-truyen-an-duong-vuong,"499 An Dương Vương, P. 8, Quận 5, TP. HCM",5.602,8,10.7578204,106.6750779,2026-06-07 02:58:14.290890+00:00
165162,Sentosa Food - Cháo Ếch Singapore - Tô Hiến Thành,/ho-chi-minh/sentosa-food-chao-ech-singapore-to-hien-thanh,https://www.foody.vn/ho-chi-minh/sentosa-food-chao-ech-singapore-to-hien-thanh,"188 Tô Hiến Thành, P. 15, Quận 10, TP. HCM",6.928,204,10.7801223,106.6682757,2026-06-07 02:58:14.290890+00:00
641943,Bún Đậu Mắm Tôm A Chảnh - Bàu Cát,/ho-chi-minh/bun-dau-mam-tom-a-chanh-bau-cat,https://www.foody.vn/ho-chi-minh/bun-dau-mam-tom-a-chanh-bau-cat,"39 Bàu Cát, P. 14, Quận Tân Bình, TP. HCM",6.882,94,10.793177,106.640851,2026-06-07 02:58:14.290890+00:00
987779,Bún Đậu Mạc Văn Khoa -Tên Lửa,/ho-chi-minh/bun-dau-mac-van-khoa-ten-lua,https://www.foody.vn/ho-chi-minh/bun-dau-mac-van-khoa-ten-lua,"499 Tên Lửa, P. Bình Trị Đông B, Quận Bình Tân, TP. HCM",3.08,5,10.7547944,106.6092006,2026-06-07 02:58:14.290890+00:00
632979,Đại Đồng Delivery - Cơm Tấm & Bún Thịt Nướng - Kha Vạn Cân,/ho-chi-minh/bun-thit-nuong-dai-dong,https://www.foody.vn/ho-chi-minh/bun-thit-nuong-dai-dong,"942/1 Kha Vạn Cân, P. Trường Thọ, Tp. Thủ Đức, TP. HCM",9.92,5,10.8491347,106.7540424,2026-06-07 02:58:14.290890+00:00
273217,Mỳ Ý Spaghetti To Go - Trần Hưng Đạo,/ho-chi-minh/my-y-spaghetti-to-go-tran-hung-dao,https://www.foody.vn/ho-chi-minh/my-y-spaghetti-to-go-tran-hung-dao,"393/9 Trần Hưng Đạo, P. Cầu Kho, Quận 1, TP. HCM",6.99,456,10.7597942,106.6884273,2026-06-07 02:58:14.290890+00:00
767327,Phan Lê - Bún Cá Lóc - Cao Thắng,/ho-chi-minh/phan-le-bun-ca-loc-cao-thang,https://www.foody.vn/ho-chi-minh/phan-le-bun-ca-loc-cao-thang,"159 Cao Thắng, P. 11, Quận 10, TP. HCM",7.316,47,10.773447,106.678147,2026-06-07 02:58:15.423901+00:00
706335,Domino’s Pizza - Lê Văn Quới,/ho-chi-minh/domino-s-pizza-le-van-quoi,https://www.foody.vn/ho-chi-minh/domino-s-pizza-le-van-quoi,"480 Lê Văn Quới, P. Bình Hưng Hoà A, Quận Bình Tân, TP. HCM",9.708,13,10.7765252,106.6041029,2026-06-07 02:58:15.423901+00:00
915162,Pizza Hut - Tỉnh Lộ 10,/ho-chi-minh/pizza-hut-tinh-lo-10,https://www.foody.vn/ho-chi-minh/pizza-hut-tinh-lo-10,"348 Tỉnh lộ 10, P. Bình Trị Đông, Quận Bình Tân, TP. HCM",7.6,1,10.7567415,106.6236069,2026-06-07 02:58:15.423901+00:00
252086,Pizza Hut - AEON Mall Bình Tân,/ho-chi-minh/pizza-hut-aeon-mall-binh-tan,https://www.foody.vn/ho-chi-minh/pizza-hut-aeon-mall-binh-tan,"Lô T31, Tầng 3, Trung Tâm Mua Sắm Aeon Mall Bình Tân, Số 1 Đường Số 17A, P. Bình Trị Đông, Quận Bình Tân, TP. HCM",6.85,44,10.7425997,106.6116587,2026-06-07 02:58:15.423901+00:00
1052075,Kha Thi - Giò Heo Phá Lấu Gia Truyền,/ho-chi-minh/kha-thi-gio-heo-pha-lau-gia-truyen,https://www.foody.vn/ho-chi-minh/kha-thi-gio-heo-pha-lau-gia-truyen,"565 Dương Bá Trạc, P. 1, Quận 8, TP. HCM",7.866,9,10.7435547,106.6887925,2026-06-07 02:58:15.423901+00:00
1046982,Cơm Gà Quay Zeus,/ho-chi-minh/com-ga-quay-zeus,https://www.foody.vn/ho-chi-minh/com-ga-quay-zeus,"281/49/2 Lê Văn Sỹ, P. 1, Quận Tân Bình, TP. HCM",8.35,4,10.7913811,106.6660428,2026-06-07 02:58:15.423901+00:00
48683,Phúc Long 188 Trần Hưng Đạo,/ho-chi-minh/phuc-long-188-tran-hung-dao,https://www.foody.vn/ho-chi-minh/phuc-long-188-tran-hung-dao,"188 Trần Hưng Đạo, P. 11, Quận 5, TP. HCM",6.516,125,10.7525153,106.6666936,2026-06-07 02:58:15.423901+00:00
777244,"Oui - Trà Sữa, Tea & Coffee",/ho-chi-minh/oui-tra-sua-tea-coffee,https://www.foody.vn/ho-chi-minh/oui-tra-sua-tea-coffee,"18 Nguyễn Thị Thập, Quận 7, TP. HCM",8.0,4,10.737652,106.729151,2026-06-07 02:58:15.423901+00:00
4104,"Highlands Coffee - Trà, Cà Phê & Bánh - Lotte Mart Nam Sài Gòn",/ho-chi-minh/highlands-coffee-tra-ca-phe-banh-lotte-mart-nam-sai-gon,https://www.foody.vn/ho-chi-minh/highlands-coffee-tra-ca-phe-banh-lotte-mart-nam-sai-gon,"Tầng Trệt, Lotte Mart Nam Sài Gòn, 469 Nguyễn Hữu Thọ, P. Tân Hưng, Quận 7, TP. HCM",7.166,81,10.741003,106.701339,2026-06-07 02:58:15.423901+00:00
1167136,Cà Phê Muối Chú Long - Thành Thái,/ho-chi-minh/ca-phe-muoi-chu-long-thanh-thai,https://www.foody.vn/ho-chi-minh/ca-phe-muoi-chu-long-thanh-thai,"128 Thành Thái, P. 12, Quận 10, TP. HCM",6.8,1,10.774849,106.664352,2026-06-07 02:58:15.423901+00:00
1153172,Cơm Tấm Phúc Lộc Thọ - Xô Viết Nghệ Tĩnh,/ho-chi-minh/com-tam-phuc-loc-tho-xo-viet-nghe-tinh,https://www.foody.vn/ho-chi-minh/com-tam-phuc-loc-tho-xo-viet-nghe-tinh,"304-306 Xô Viết Nghệ Tĩnh, P. 21, Quận Bình Thạnh, TP. HCM",10.0,1,10.8008046,106.7114509,2026-06-07 02:58:15.423901+00:00
1038985,Thành Đạt - Hủ Tiếu Nam Vang - Vạn Kiếp,/ho-chi-minh/thanh-dat-hu-tieu-nam-vang-van-kiep,https://www.foody.vn/ho-chi-minh/thanh-dat-hu-tieu-nam-vang-van-kiep,"81D Vạn Kiếp, P. 3, Quận Bình Thạnh, TP. HCM",5.0,2,10.79911,106.6936,2026-06-07 02:58:15.423901+00:00
91800,Sushi Cô Chủ Nhỏ - Thành Thái,/ho-chi-minh/sushi-co-chu-nho-thanh-thai,https://www.foody.vn/ho-chi-minh/sushi-co-chu-nho-thanh-thai,"57 Đ. Thành Thái, P. 14, Quận 10, TP. HCM",6.5,292,10.772932,106.664952,2026-06-07 02:58:16.574310+00:00
219254,Bánh Mì Thịt Bò Nướng Cô Lành - Hồ Xuân Hương,/ho-chi-minh/banh-mi-thit-bo-nuong-ho-xuan-huong,https://www.foody.vn/ho-chi-minh/banh-mi-thit-bo-nuong-ho-xuan-huong,"6 Hồ Xuân Hương, P. 14, Quận Bình Thạnh, TP. HCM",7.494,32,10.808594,106.696054,2026-06-07 02:58:16.574310+00:00
1068467,Bún Quậy Tâm Quán - Lê Văn Lương,/ho-chi-minh/bun-quay-tam-quan-le-van-luong,https://www.foody.vn/ho-chi-minh/bun-quay-tam-quan-le-van-luong,"355 Lê Văn Lương, P. Tân Quy, Quận 7, TP. HCM",9.4,4,10.74123,106.7039,2026-06-07 02:58:16.574310+00:00
1012341,Xíu - Mì Cay - Tôn Đản,/ho-chi-minh/xiu-mi-cay-ton-dan,https://www.foody.vn/ho-chi-minh/xiu-mi-cay-ton-dan,"318 Tôn Đản, P. 4, Quận 4, TP. HCM",5.0,1,10.7557048,106.7057312,2026-06-07 02:58:16.574310+00:00
896100,"Highlands Coffee - Trà, Cà Phê & Bánh - 57 Lê Đức Thọ",/ho-chi-minh/highlands-coffee-tra-ca-phe-banh-57-le-duc-tho,https://www.foody.vn/ho-chi-minh/highlands-coffee-tra-ca-phe-banh-57-le-duc-tho,"57 Lê Đức Thọ, P. 7, Quận Gò Vấp, TP. HCM",7.3,4,10.831648,106.68245,2026-06-07 02:58:16.574310+00:00
73213,Thanh Thúy - Ẩm Thực Miền Trung,/ho-chi-minh/thanh-thuy-am-thuc-mien-trung,https://www.foody.vn/ho-chi-minh/thanh-thuy-am-thuc-mien-trung,"679 Quang Trung, P.11, Quận Gò Vấp, TP. HCM",6.72,124,10.835806,106.6590334,2026-06-07 02:58:16.574310+00:00
1195714,Bánh Canh Cua Út Thảo - Hồ Tùng Mậu,/ho-chi-minh/banh-canh-cua-ut-thao-ho-tung-mau,https://www.foody.vn/ho-chi-minh/banh-canh-cua-ut-thao-ho-tung-mau,"120 Hồ Tùng Mậu, P. Bến Nghé, Quận 1, TP. HCM",9.9,2,10.7731332,106.7034743,2026-06-07 02:58:16.574310+00:00
237002,Quán Phá Lấu 97 Tân Khai,/ho-chi-minh/quan-pha-lau-97-tan-khai,https://www.foody.vn/ho-chi-minh/quan-pha-lau-97-tan-khai,"97 Tân Khai, Quận 11, TP. HCM",7.202,6,10.7581526,106.6559231,2026-06-07 02:58:16.574310+00:00
975422,Phá Lấu Bò - Lê Quang Định,/ho-chi-minh/pha-lau-bo-le-quang-dinh,https://www.foody.vn/ho-chi-minh/pha-lau-bo-le-quang-dinh,"245 Lê Quang Định, P. 7, Quận Bình Thạnh, TP. HCM",6.2,3,10.80952,106.692847,2026-06-07 02:58:16.574310+00:00
976671,Bánh Canh Cua Kim Ngân,/ho-chi-minh/banh-canh-cua-kim-ngan,https://www.foody.vn/ho-chi-minh/banh-canh-cua-kim-ngan,"28 Trưng Nữ Vương, P. 4, Quận Gò Vấp, TP. HCM",5.868,3,10.823996,106.686131,2026-06-07 02:58:16.574310+00:00
753726,Phá Lấu Nga - Tôn Đản,/ho-chi-minh/pha-lau-nga-ton-dan,https://www.foody.vn/ho-chi-minh/pha-lau-nga-ton-dan,"243/37A Tôn Đản, P. 15, Quận 4, TP. HCM",6.1,4,10.756103,106.707205,2026-06-07 02:58:16.574310+00:00
1026751,Bánh Canh Cá Lóc Nam Trang Quán,/ho-chi-minh/banh-canh-ca-loc-nam-trang-quan,https://www.foody.vn/ho-chi-minh/banh-canh-ca-loc-nam-trang-quan,"796/2 Lê Đức Thọ, P. 15, Quận Gò Vấp, TP. HCM",10.0,1,10.848228,106.668049,2026-06-07 02:58:16.574310+00:00
314571,Pizza Hut - Nơ Trang Long,/ho-chi-minh/pizza-hut-no-trang-long,https://www.foody.vn/ho-chi-minh/pizza-hut-no-trang-long,"130 Nơ Trang Long, P. 14, Quận Bình Thạnh, TP. HCM",6.974,15,10.810083,106.695241,2026-06-07 02:58:17.674083+00:00
128698,Phá Lấu Rubi - Nguyễn Hồng Đào,/ho-chi-minh/pha-lau-rubi,https://www.foody.vn/ho-chi-minh/pha-lau-rubi,"230 Nguyễn Hồng Đào, P. 14 , Quận Tân Bình, TP. HCM",7.06,94,10.7908591,106.6412093,2026-06-07 02:58:17.674083+00:00
723820,"Highlands Coffee - Trà, Cà Phê & Bánh - Botanica",/ho-chi-minh/highlands-coffee-tra-ca-phe-banh-botanica,https://www.foody.vn/ho-chi-minh/highlands-coffee-tra-ca-phe-banh-botanica,"104 Phổ Quang, P. 2, Quận Tân Bình, TP. HCM",6.04,10,10.8087124,106.6692686,2026-06-07 02:58:17.674083+00:00
741582,Ngọc Lan - Bún Thịt Nướng,/ho-chi-minh/ngoc-lan-bun-thit-nuong,https://www.foody.vn/ho-chi-minh/ngoc-lan-bun-thit-nuong,"8 Đường Số 30, P. Tân Quy, Quận 7, TP. HCM",7.6,5,10.739802,106.705388,2026-06-07 02:58:17.674083+00:00
981953,Cheese Coffee - Cộng Hòa,/ho-chi-minh/cheese-coffee-cong-hoa,https://www.foody.vn/ho-chi-minh/cheese-coffee-cong-hoa,"43 Cộng Hòa, P. 4, Quận Tân Bình, TP. HCM",7.326,51,10.801053,106.656397,2026-06-07 02:58:17.674083+00:00
269752,TOUS les JOURS - Nam Kỳ Khởi Nghĩa,/ho-chi-minh/tous-les-jours-nam-ky-khoi-nghia-bakery-cafe,https://www.foody.vn/ho-chi-minh/tous-les-jours-nam-ky-khoi-nghia-bakery-cafe,"382 Nam Kỳ Khởi Nghĩa, P. 8, Quận 3, TP. HCM",6.106,30,10.791032,106.682989,2026-06-07 02:58:17.674083+00:00
970425,Rau Má Mix - Nước Ép & Trà Trái Cây - 54 Hồ Tùng Mậu,/ho-chi-minh/rau-ma-mix-nuoc-ep-tra-trai-cay-54-ho-tung-mau,https://www.foody.vn/ho-chi-minh/rau-ma-mix-nuoc-ep-tra-trai-cay-54-ho-tung-mau,"54 Hồ Tùng Mậu, P. Bến Nghé, Quận 1, TP. HCM",7.488,7,10.772167,106.703925,2026-06-07 02:58:17.674083+00:00
947688,Rau Má Mix - Nước Ép & Trà Trái Cây - 262 Phan Đình Phùng,/ho-chi-minh/rau-ma-mix-nuoc-ep-tra-trai-cay-262-phan-dinh-phung,https://www.foody.vn/ho-chi-minh/rau-ma-mix-nuoc-ep-tra-trai-cay-262-phan-dinh-phung,"262 Phan Đình Phùng, P. 1, Quận Phú Nhuận, TP. HCM",5.75,4,10.7973171,106.681393,2026-06-07 02:58:17.674083+00:00
870610,Gà Rán & Burger Lotteria - Hoàng Diệu,/ho-chi-minh/lotteria-le-quoc-hung,https://www.foody.vn/ho-chi-minh/lotteria-le-quoc-hung,"102 Lê Quốc Hưng, P. 12, Quận 4, TP. HCM",5.98,11,10.763935,106.704651,2026-06-07 02:58:17.674083+00:00
87702,Bánh Mì Gà An An - Nguyễn Trãi,/ho-chi-minh/banh-mi-ga-an-an-nguyen-trai,https://www.foody.vn/ho-chi-minh/banh-mi-ga-an-an-nguyen-trai,"593 Nguyễn Trãi, P. 7, Quận 5, TP. HCM",7.522,46,10.7540237,106.6668212,2026-06-07 02:58:17.674083+00:00
26106,Gà Nướng Anh Tư,/ho-chi-minh/anh-tu-ga-nuong,https://www.foody.vn/ho-chi-minh/anh-tu-ga-nuong,"449 Lê Quang Định, P. 5, Quận Bình Thạnh, TP. HCM",7.318,211,10.815302,106.688949,2026-06-07 02:58:17.674083+00:00
741667,Bún Đậu Homemade - Hoàng Diệu,/ho-chi-minh/bun-dau-homemade-hoang-dieu,https://www.foody.vn/ho-chi-minh/bun-dau-homemade-hoang-dieu,"104 Hoàng Diệu, Quận 4, TP. HCM",7.18,49,10.764094,106.704511,2026-06-07 02:58:17.674083+00:00
738920,Bánh Tráng Chấm Chị Hai,/ho-chi-minh/banh-trang-cham-chi-hai,https://www.foody.vn/ho-chi-minh/banh-trang-cham-chi-hai,"209/94 Tôn Thất Thuyết, P. 3, Quận 4, TP. HCM",6.4,17,10.7552836,106.6983111,2026-06-07 02:58:18.781579+00:00
1051594,Hẻm Đậu - Bún Đậu Mắm Tôm - Âu Dương Lân,/ho-chi-minh/hem-dau-bun-dau-mam-tom-au-duong-lan,https://www.foody.vn/ho-chi-minh/hem-dau-bun-dau-mam-tom-au-duong-lan,"144 Âu Dương Lân, P. 3, Quận 8, TP. HCM",3.932,3,10.7458245,106.6830288,2026-06-07 02:58:18.781579+00:00
37115,Thi Thi Chè - Tôn Đản,/ho-chi-minh/quan-che-thi-thi-ton-dan,https://www.foody.vn/ho-chi-minh/quan-che-thi-thi-ton-dan,"233 Tôn Đản, P. 15, Quận 4, TP. HCM",6.17,110,10.756751,106.706235,2026-06-07 02:58:18.781579+00:00
869602,Pizza Hut - Lê Văn Khương,/ho-chi-minh/pizza-hut-le-van-khuong,https://www.foody.vn/ho-chi-minh/pizza-hut-le-van-khuong,"68 Lê Văn Khương, P. Thới An, Quận 12, TP. HCM",7.7,2,10.864229,106.649707,2026-06-07 02:58:18.781579+00:00
166135,Đà Lạt Phố Cafe - Huỳnh Mẫn Đạt,/ho-chi-minh/da-lat-pho-cafe-huynh-man-dat,https://www.foody.vn/ho-chi-minh/da-lat-pho-cafe-huynh-man-dat,"153 Huỳnh Mẫn Đạt, P. 8, Quận 5, TP. HCM",7.13,57,10.7572787,106.6760185,2026-06-07 02:58:18.781579+00:00
902575,Trung - Cá Lóc Nướng Mía - Tân Kỳ Tân Quý,/ho-chi-minh/trung-ca-loc-nuong,https://www.foody.vn/ho-chi-minh/trung-ca-loc-nuong,"67 Tân Kỳ Tân Quý, P. Tân Sơn Nhì, Quận Tân Phú, TP. HCM",9.96,5,10.803569,106.634744,2026-06-07 02:58:18.781579+00:00
1038821,Cô Hà - Bánh Tầm Bì - Chợ Đakao,/ho-chi-minh/co-ha-banh-tam-bi-cho-dakao,https://www.foody.vn/ho-chi-minh/co-ha-banh-tam-bi-cho-dakao,"Sạp 13 Chợ Đakao, Trương Hán Siêu, P. Đakao, Quận 1, TP. HCM",9.4,1,10.792492,106.696695,2026-06-07 02:58:18.781579+00:00
976186,Nhà Hàng Unatoto - Cơm Lươn Nhật Bản,/ho-chi-minh/nha-hang-unatoto-com-luon-nhat-ban,https://www.foody.vn/ho-chi-minh/nha-hang-unatoto-com-luon-nhat-ban,"56 Trương Định, P. Bến Thành, Quận 1, TP. HCM",7.838,49,10.772545,106.695723,2026-06-07 02:58:18.781579+00:00
265619,Baikohken - Hokkaido Ramen - Takashimaya,/ho-chi-minh/baikohken-am-thuc-nhat-ban-takashimaya-saigon-center,https://www.foody.vn/ho-chi-minh/baikohken-am-thuc-nhat-ban-takashimaya-saigon-center,"Tầng B2, TTTM Takashimaya, 92 - 94 Nam Kỳ Khởi Nghĩa, P. Bến Nghé, Quận 1, TP. HCM",7.166,42,10.773065,106.700467,2026-06-07 02:58:18.781579+00:00
260169,Bún Bò Huế Út Mai,/ho-chi-minh/bun-bo-hue-ut-mai,https://www.foody.vn/ho-chi-minh/bun-bo-hue-ut-mai,"638 Trường Sa, P. 15, Quận Phú Nhuận, TP. HCM",7.328,28,10.7931129,106.6842785,2026-06-07 02:58:18.781579+00:00
3838,Cơm Tấm Cây Điệp Long Xuyên,/ho-chi-minh/com-tam-cay-diep-long-xuyen,https://www.foody.vn/ho-chi-minh/com-tam-cay-diep-long-xuyen,"58D Cao Thắng, P. 5, Quận 3, TP. HCM",5.016,50,10.769779,106.682582,2026-06-07 02:58:18.781579+00:00
72886,Bánh Khọt Cô Ba Vũng Tàu - Khu Phố Mỹ Hoàng,/ho-chi-minh/banh-khot-co-ba-vung-tau-khu-pho-my-hoang,https://www.foody.vn/ho-chi-minh/banh-khot-co-ba-vung-tau-khu-pho-my-hoang,"216 Khu Phố Mỹ Hoàng, Phạm Thái Bường, P. Tân Phong, Quận 7, TP. HCM",4.88,25,10.7277694,106.7092569,2026-06-07 02:58:18.781579+00:00
654537,Bánh Xèo & Bánh Căn Nha Trang,/ho-chi-minh/banh-xeo-banh-can-nha-trang,https://www.foody.vn/ho-chi-minh/banh-xeo-banh-can-nha-trang,"222/6A Bùi Đình Tuý, Quận Bình Thạnh, TP. HCM",6.226,15,10.807747,106.702238,2026-06-07 02:58:19.918933+00:00
1000033242,"Tiệm Cô Châu - Bánh Ít Trần, Gỏi Cuốn & Bì Cuốn",/ho-chi-minh/tiem-co-chau-banh-it-tran-goi-cuon-bi-cuon,https://www.foody.vn/ho-chi-minh/tiem-co-chau-banh-it-tran-goi-cuon-bi-cuon,"336/16/18 Nguyễn Văn Luông, P. 12, Quận 6, TP. HCM",10.0,2,10.7498927,106.6359672,2026-06-07 02:58:19.918933+00:00
767553,Cô Loan - Bánh Tráng Tôm,/ho-chi-minh/co-loan-banh-trang-tom,https://www.foody.vn/ho-chi-minh/co-loan-banh-trang-tom,"243/2C Phan Đình Phùng, Quận Phú Nhuận, TP. HCM",7.636,47,10.796322,106.681172,2026-06-07 02:58:19.918933+00:00
942139,Bánh Bò Thốt Nốt COCOCake - Lò Bánh Trần Quang Diệu,/ho-chi-minh/cococake-lo-banh-bo-thot-not-nuong-tran-quang-dieu,https://www.foody.vn/ho-chi-minh/cococake-lo-banh-bo-thot-not-nuong-tran-quang-dieu,"18E Trần Quang Diệu, P. 13, Quận 3, TP. HCM",7.918,12,10.785062,106.678414,2026-06-07 02:58:19.918933+00:00
1000047339,Bánh Cuốn Đồng Diều - Bánh Cuốn Nóng & Bánh Ướt - 54 Phạm Nhữ Tăng,/ho-chi-minh/banh-cuon-dong-dieu-banh-cuon-nong-banh-uot-54-pham-nhu-tang.kfmxse,https://www.foody.vn/ho-chi-minh/banh-cuon-dong-dieu-banh-cuon-nong-banh-uot-54-pham-nhu-tang.kfmxse,"54 Phạm Nhữ Tăng, P. 4, Quận 8, TP. HCM",9.896,172,10.738029,106.676733,2026-06-07 02:58:19.918933+00:00
299784,KATINAT - Nguyễn Du,/ho-chi-minh/katinat-nguyen-du,https://www.foody.vn/ho-chi-minh/katinat-nguyen-du,"59B Nguyễn Du, P. Bến Nghé, Quận 1, TP. HCM",6.964,11,10.779222,106.700252,2026-06-07 02:58:19.918933+00:00
783118,Cu Sữa - Tré Trộn,/ho-chi-minh/cu-sua-tre-tron,https://www.foody.vn/ho-chi-minh/cu-sua-tre-tron,"59 Nguyễn Du, P. Bến Nghé, Quận 1, TP. HCM",6.98,31,10.7793119,106.7001954,2026-06-07 02:58:19.918933+00:00
871743,TeaTee - Tea & Coffee Express,/ho-chi-minh/teatee-coffee-tea,https://www.foody.vn/ho-chi-minh/teatee-coffee-tea,"21/18 Lô Tư, P. Bình Hưng Hòa A, Quận Bình Tân, TP. HCM",8.12,15,10.7879949,106.602741,2026-06-07 02:58:19.918933+00:00
885414,The Pizza Company - Gigamall,/ho-chi-minh/the-pizza-company-giga-mall,https://www.foody.vn/ho-chi-minh/the-pizza-company-giga-mall,"Tầng 3 Giga Mall, 240 - 242 Phạm Văn Đồng, P. Hiệp Bình Chánh, Tp. Thủ Đức, TP. HCM",6.202,8,10.828469,106.722074,2026-06-07 02:58:19.918933+00:00
15984,Quán 79 Nem Nướng,/ho-chi-minh/quan-79-nem-nuong,https://www.foody.vn/ho-chi-minh/quan-79-nem-nuong,"626 Bà Hạt, P. 6, Quận 10, TP. HCM",5.966,36,10.7645042,106.6622006,2026-06-07 02:58:19.918933+00:00
910337,KAI Coffee - Hồng Bàng,/ho-chi-minh/kai-coffee-hong-bang,https://www.foody.vn/ho-chi-minh/kai-coffee-hong-bang,"134 - 136 Hồng Bàng, P. 12, Quận 5, TP. HCM",7.652,23,10.755023,106.660227,2026-06-07 02:58:19.918933+00:00
5321,GÀ NƯỚNG PHÁP - LETOILE,/ho-chi-minh/ga-nuong-phap-letoile,https://www.foody.vn/ho-chi-minh/ga-nuong-phap-letoile,"180bis Hai Bà Trưng, P. Đa Kao, Quận 1, TP. HCM",7.176,93,10.7862287,106.6943251,2026-06-07 02:58:19.918933+00:00
1000044732,Bún Chả 5A - Bún Chả - 467 Phan Xích Long,/ho-chi-minh/bun-cha-5a-bun-cha-467-phan-xich-long.chqvsj,https://www.foody.vn/ho-chi-minh/bun-cha-5a-bun-cha-467-phan-xich-long.chqvsj,"476 Phan Xích Long, P. 3, Quận Phú Nhuận, TP. HCM",10.0,1,10.802387,106.6827177,2026-06-07 02:58:21.014267+00:00
1024763,Bánh Mì Bảy Quang,/ho-chi-minh/banh-mi-bay-quang,https://www.foody.vn/ho-chi-minh/banh-mi-bay-quang,"7 Huỳnh Khương Ninh, P. Đa Kao, Quận 1, TP. HCM",7.2,2,10.790557,106.69685,2026-06-07 02:58:21.014267+00:00
1031396,Heo Sữa - Ăn Vặt - Hòa Hảo,/ho-chi-minh/heo-sua-an-vat-hoa-hao,https://www.foody.vn/ho-chi-minh/heo-sua-an-vat-hoa-hao,"459 Hòa Hảo, P. 5, Quận 10, TP. HCM",6.8,3,10.7613139,106.6655439,2026-06-07 02:58:21.014267+00:00
4431,Gà Rán & Burger Lotteria - Tô Hiến Thành,/ho-chi-minh/ga-ran-burger-lotteria-to-hien-thanh,https://www.foody.vn/ho-chi-minh/ga-ran-burger-lotteria-to-hien-thanh,"307A Tô Hiến Thành, Quận 10, TP. HCM",6.262,176,10.777768,106.665316,2026-06-07 02:58:21.014267+00:00
36581,Gà Rán KFC - Lê Lai,/ho-chi-minh/kfc-le-lai,https://www.foody.vn/ho-chi-minh/kfc-le-lai,"78 Lê Lai, P. Phạm Ngũ Lão, Quận 1, TP. HCM",6.782,86,10.7702288,106.6938199,2026-06-07 02:58:21.014267+00:00
1152603,Quán 59 Bê Thui - Dê Quay - Trường Sa,/ho-chi-minh/quan-59-be-thui-de-quay-truong-sa,https://www.foody.vn/ho-chi-minh/quan-59-be-thui-de-quay-truong-sa,"240 Trường Sa, P. 3, Quận Bình Thạnh, TP. HCM",10.0,1,10.7954967,106.6946785,2026-06-07 02:58:21.014267+00:00
45208,Chuối Nếp Nướng - Trần Đình Xu,/ho-chi-minh/chuoi-nep-nuong,https://www.foody.vn/ho-chi-minh/chuoi-nep-nuong,"122/10 Trần Đình Xu, P. Nguyễn Cư Trinh, Quận 1, TP. HCM",6.662,16,10.762926,106.688465,2026-06-07 02:58:21.014267+00:00
5491,Cơm Bà Đẻ,/ho-chi-minh/com-ba-de,https://www.foody.vn/ho-chi-minh/com-ba-de,"1C Cao Thắng, P. 2, Quận 3, TP. HCM",4.05,12,10.768366,106.684036,2026-06-07 02:58:21.014267+00:00
1036811,LeHa's Home - Thiên Đường Ẩm Thực Q7,/ho-chi-minh/leha-s-home-thien-duong-am-thuc-q7,https://www.foody.vn/ho-chi-minh/leha-s-home-thien-duong-am-thuc-q7,"404 Lê Văn Lương, P. Tân Phong, Quận 7, TP. HCM",7.666,9,10.7386534,106.703274,2026-06-07 02:58:21.014267+00:00
102535,Bánh Cuốn Nam Việt - Chay Và Mặn,/ho-chi-minh/banh-cuon-nam-viet,https://www.foody.vn/ho-chi-minh/banh-cuon-nam-viet,"152 Nguyễn Biểu, P. 2, Quận 5, TP. HCM",7.314,37,10.757051,106.683265,2026-06-07 02:58:21.014267+00:00
876356,Bánh Mì Thịt Nướng Nguyễn Trọng Tuyển,/ho-chi-minh/banh-mi-thit-nuong-nguyen-trong-tuyen,https://www.foody.vn/ho-chi-minh/banh-mi-thit-nuong-nguyen-trong-tuyen,"32 Nguyễn Trọng Tuyển, P. 15, Quận Phú Nhuận, TP. HCM",7.488,16,10.797292,106.680342,2026-06-07 02:58:21.014267+00:00
920007,Phở Nhà - 156 Nguyễn Xí,/ho-chi-minh/pho-nha-156-nguyen-xi,https://www.foody.vn/ho-chi-minh/pho-nha-156-nguyen-xi,"156 Nguyễn Xí, P. 26, Quận Bình Thạnh, TP. HCM",8.2,2,10.8146116,106.7085068,2026-06-07 02:58:21.014267+00:00
152169,Quán Phở Hiền - Xô Viết Nghệ Tĩnh,/ho-chi-minh/quan-pho-hien-xo-viet-nghe-tinh,https://www.foody.vn/ho-chi-minh/quan-pho-hien-xo-viet-nghe-tinh,"452 Xô Viết Nghệ Tĩnh, P. 25, Quận Bình Thạnh, TP. HCM",7.512,7,10.807032,106.711582,2026-06-07 02:58:22.190381+00:00
716853,Phở Nhà - Nguyễn Xí,/ho-chi-minh/pho-nha,https://www.foody.vn/ho-chi-minh/pho-nha,"156 Nguyễn Xí, P. 26, Quận Bình Thạnh, TP. HCM",7.466,3,10.8145968,106.7084789,2026-06-07 02:58:22.190381+00:00
27578,Bún Đậu Cầu Gỗ - Phan Xích Long,/ho-chi-minh/bun-dau-cau-go,https://www.foody.vn/ho-chi-minh/bun-dau-cau-go,"444 Phan Xích Long, P. 2, Quận Phú Nhuận, TP. HCM",5.224,275,10.800738,106.684463,2026-06-07 02:58:22.190381+00:00
211,Beefsteak Titi - Vũ Huy Tấn,/ho-chi-minh/beefsteak-titi,https://www.foody.vn/ho-chi-minh/beefsteak-titi,"67/4/118 Vũ Huy Tấn (Đối Diện 50), P. 3, Quận Bình Thạnh, TP. HCM",6.53,918,10.795724,106.694671,2026-06-07 02:58:22.190381+00:00
694872,Bún Bò Quin,/ho-chi-minh/bun-bo-quin,https://www.foody.vn/ho-chi-minh/bun-bo-quin,"O4 Trường Sơn, P. 15, Quận 10, TP. HCM",5.85,4,10.7816256,106.6630079,2026-06-07 02:58:22.190381+00:00
735757,Quán Cô Kim - Hủ Tiếu Nam Vang & Bún Mọc,/ho-chi-minh/quan-co-kim-hu-tieu-nam-vang-bun-moc,https://www.foody.vn/ho-chi-minh/quan-co-kim-hu-tieu-nam-vang-bun-moc,"187 Hoa Lan, P. 2, Quận Phú Nhuận, TP. HCM",8.66,10,10.798315,106.6867756,2026-06-07 02:58:22.190381+00:00
955458,Yori Sushi,/ho-chi-minh/yori-sushi,https://www.foody.vn/ho-chi-minh/yori-sushi,"139 Đường D5, P. 25, Quận Bình Thạnh, TP. HCM",8.0,16,10.805795,106.717032,2026-06-07 02:58:22.190381+00:00
1040919,Trà Sữa ToCoToCo - 791 Phan Văn Trị,/ho-chi-minh/tra-sua-tocotoco-791-phan-van-tri,https://www.foody.vn/ho-chi-minh/tra-sua-tocotoco-791-phan-van-tri,"791 Phan Văn Trị, P. 7, Quận Gò Vấp, TP. HCM",7.6,1,10.828533,106.684005,2026-06-07 02:58:22.190381+00:00
1149468,Thuận Ký - Cơm & Món Xào,/ho-chi-minh/thuan-ky-com-mon-xao,https://www.foody.vn/ho-chi-minh/thuan-ky-com-mon-xao,"199 Nguyễn Lâm, P. 6, Quận 10, TP. HCM",10.0,1,10.7651475,106.6628116,2026-06-07 02:58:22.190381+00:00
1128332,Bún Chả Hà Nội Gia Bảo - Huỳnh Tịnh Của,/ho-chi-minh/bun-cha-ha-noi-gia-bao-huynh-tinh-cua,https://www.foody.vn/ho-chi-minh/bun-cha-ha-noi-gia-bao-huynh-tinh-cua,"46 Huỳnh Tịnh Của, P. 19, Quận Bình Thạnh, TP. HCM",7.534,6,10.79193,106.7101,2026-06-07 02:58:22.190381+00:00
1127957,Bún Đậu Mắm Tôm Tiểu Bảo - Huỳnh Tịnh Của,/ho-chi-minh/bun-dau-mam-tom-tieu-bao-huynh-tinh-cua,https://www.foody.vn/ho-chi-minh/bun-dau-mam-tom-tieu-bao-huynh-tinh-cua,"46 Huỳnh Tịnh Của, P. 19, Quận Bình Thạnh, TP. HCM",9.414,30,10.7917419,106.7105297,2026-06-07 02:58:22.190381+00:00
1037967,Chè Bưởi Vĩnh Long - Nguyễn Thị Minh Khai,/ho-chi-minh/che-buoi-vinh-long-nguyen-thi-minh-khai,https://www.foody.vn/ho-chi-minh/che-buoi-vinh-long-nguyen-thi-minh-khai,"63 Nguyễn Thị Minh Khai, P. Bến Thành, Quận 1, TP. HCM",5.066,9,10.7731897,106.6892952,2026-06-07 02:58:22.190381+00:00
127978,Chè Hoa - Trần Cao Vân,/ho-chi-minh/che-hoa-tran-cao-van,https://www.foody.vn/ho-chi-minh/che-hoa-tran-cao-van,"15 Trần Cao Vân, P. Đakao, Quận 1, TP. HCM",7.32,24,10.7840916,106.6972943,2026-06-07 02:58:23.329389+00:00
4476,Hoàng Ty - Đặc sản Trảng Bàng - Võ Văn Tần,/ho-chi-minh/hoang-ty-dac-san-trang-bang-vo-van-tan,https://www.foody.vn/ho-chi-minh/hoang-ty-dac-san-trang-bang-vo-van-tan,"70 - 72 Võ Văn Tần, P. 6, Quận 3, TP. HCM",7.076,200,10.776645,106.690303,2026-06-07 02:58:23.329389+00:00
1289245,ARA COFFEE & TEA - VĨNH VIỄN,/ho-chi-minh/ara-coffee-tea-vinh-vien,https://www.foody.vn/ho-chi-minh/ara-coffee-tea-vinh-vien,"241 Vĩnh Viễn, P. 4, Quận 10, TP. HCM",10.0,1,10.762905,106.664601,2026-06-07 02:58:23.329389+00:00
906550,Cô Thúy - Xôi Nếp Than,/ho-chi-minh/co-thuy-xoi-nep-than,https://www.foody.vn/ho-chi-minh/co-thuy-xoi-nep-than,"209/24 Lê Văn Sỹ, P. 13, Quận 3, TP. HCM",7.65,8,10.786365,106.679296,2026-06-07 02:58:23.329389+00:00
161680,Bún Cá Nha Trang - Nem Nướng Nha Trang Yến - An Dương Vương,/ho-chi-minh/bun-ca-nha-trang-nem-nuong-nha-trang-yen-an-duong-vuong,https://www.foody.vn/ho-chi-minh/bun-ca-nha-trang-nem-nuong-nha-trang-yen-an-duong-vuong,"410-412 An Dương Vương P. 4 (Cũ 197C Lê Hồng Phong, P. 4), Quận 5, TP. HCM",6.306,61,10.7590747,106.677307,2026-06-07 02:58:23.329389+00:00
72472,Tiệm Bánh Mì Những Chàng Trai - Thống Nhất,/ho-chi-minh/tiem-banh-mi-nhung-chang-trai-go-vap,https://www.foody.vn/ho-chi-minh/tiem-banh-mi-nhung-chang-trai-go-vap,"584 - 586 - 588 Thống Nhất, P. 16, Quận Gò Vấp, TP. HCM",5.352,28,10.84919,106.66488,2026-06-07 02:58:23.329389+00:00
256266,Xôi Bình Tiên - Nguyễn Văn Nghi,/ho-chi-minh/xoi-binh-tien-nguyen-van-nghi,https://www.foody.vn/ho-chi-minh/xoi-binh-tien-nguyen-van-nghi,"254 Nguyễn Văn Nghi, Quận Gò Vấp, TP. HCM",7.584,24,10.825344,106.685144,2026-06-07 02:58:23.329389+00:00
32742,Bánh Tráng Trộn Chú Viên,/ho-chi-minh/banh-trang-tron-chu-vien,https://www.foody.vn/ho-chi-minh/banh-trang-tron-chu-vien,"38 Nguyễn Thượng Hiền, P. 5, Quận 3, TP. HCM",6.524,751,10.7712087,106.6859794,2026-06-07 02:58:23.329389+00:00
1046831,Làng Vòng - Bún Đậu Mắm Tôm & Bún Chả - Tân Hương,/ho-chi-minh/lang-vong-bun-dau-mam-tom-bun-cha-tan-huong,https://www.foody.vn/ho-chi-minh/lang-vong-bun-dau-mam-tom-bun-cha-tan-huong,"260 Tân Hương, P. Tân Quý, Quận Tân Phú, TP. HCM",8.366,6,10.790215,106.620888,2026-06-07 02:58:23.329389+00:00
1022422,Bếp Người Hội An - Tiệm Mì Quảng & Cơm Gà,/ho-chi-minh/bep-nguoi-hoi-an-tiem-mi-quang-com-ga,https://www.foody.vn/ho-chi-minh/bep-nguoi-hoi-an-tiem-mi-quang-com-ga,"22 Trần Quốc Toản, P. 8, Quận 3, TP. HCM",8.208,30,10.788516,106.688836,2026-06-07 02:58:23.329389+00:00
775875,Cơm Tấm Cali - Vinhomes Central Park,/ho-chi-minh/com-tam-cali-26-vinhomes-central-park,https://www.foody.vn/ho-chi-minh/com-tam-cali-26-vinhomes-central-park,"Landmark 3, Vinhomes Central Park, 720A Điện Biên Phủ, P. 22, Quận Bình Thạnh, TP. HCM",7.24,10,10.7955199,106.7209697,2026-06-07 02:58:23.329389+00:00
691874,Bún Bò Quê Mạ,/ho-chi-minh/bun-bo-que-ma,https://www.foody.vn/ho-chi-minh/bun-bo-que-ma,"666/78 Ba Tháng Hai, P. 14, Quận 10, TP. HCM",8.404,51,10.7683438,106.660551,2026-06-07 02:58:23.329389+00:00
1348,Bún Ốc Riêu Cua Thanh Hải - Kỳ Đồng,/ho-chi-minh/bun-oc-rieu-cua-thanh-hai-ky-dong,https://www.foody.vn/ho-chi-minh/bun-oc-rieu-cua-thanh-hai-ky-dong,"14/12 Kỳ Đồng, P. 9, Quận 3, TP. HCM",6.836,173,10.784369,106.681704,2026-06-07 02:58:24.558712+00:00
2592,Cơm Tấm Cali - Nguyễn Chí Thanh,/ho-chi-minh/com-tam-cali-5,https://www.foody.vn/ho-chi-minh/com-tam-cali-5,"125 Nguyễn Chí Thanh, P. 9, Quận 5, TP. HCM",6.954,129,10.759855,106.669383,2026-06-07 02:58:24.558712+00:00
1033977,Sun Sushi,/ho-chi-minh/sun-sushi,https://www.foody.vn/ho-chi-minh/sun-sushi,"748 Phan Văn Trị, P. 10, Quận Gò Vấp, TP. HCM",8.018,11,10.8354413,106.6651777,2026-06-07 02:58:24.558712+00:00
20680,Lẩu Cá Cô Thư,/ho-chi-minh/lau-ca-co-thu,https://www.foody.vn/ho-chi-minh/lau-ca-co-thu,"14 Chung Cư Trần Văn Kiểu, P. 14, Quận 10, TP. HCM",6.628,79,10.766693,106.660474,2026-06-07 02:58:24.558712+00:00
762734,Khánh Ngọc - Bún Bò Huế,/ho-chi-minh/khanh-ngoc-bun-bo-hue,https://www.foody.vn/ho-chi-minh/khanh-ngoc-bun-bo-hue,"27/61 Điện Biên Phủ, P. 15, Quận Bình Thạnh, TP. HCM",7.6,5,10.7948693,106.6998768,2026-06-07 02:58:24.558712+00:00
1056280,Quán Chay Liên Yến,/ho-chi-minh/quan-chay-lien-yen,https://www.foody.vn/ho-chi-minh/quan-chay-lien-yen,"7A Trần Văn Đang, P. 9, Quận 3, TP. HCM",6.8,1,10.782268,106.679611,2026-06-07 02:58:24.558712+00:00
115363,Cơm Tấm Oanh - Bình Thới,/ho-chi-minh/com-tam-oanh-binh-thoi,https://www.foody.vn/ho-chi-minh/com-tam-oanh-binh-thoi,"595 Bình Thới, P. 10, Quận 11, TP. HCM",6.32,23,10.76296,106.64294,2026-06-07 02:58:24.558712+00:00
769732,Súp Cua Ghiền - Võ Văn Tần,/ho-chi-minh/sup-cua-ghien-vo-van-tan,https://www.foody.vn/ho-chi-minh/sup-cua-ghien-vo-van-tan,"287 Võ Văn Tần, P. 5, Quận 3, TP. HCM",6.068,79,10.7722406,106.6863409,2026-06-07 02:58:24.558712+00:00
88,Cơm Tấm Thuận Kiều - Thuận Kiều,/ho-chi-minh/com-tam-thuan-kieu-thuan-kieu,https://www.foody.vn/ho-chi-minh/com-tam-thuan-kieu-thuan-kieu,"54 Thuận Kiều, P. 4, Quận 11, TP. HCM",6.87,100,10.758263,106.658404,2026-06-07 02:58:24.558712+00:00
167881,Cơm Cháo Triều Châu,/ho-chi-minh/com-chao-trieu-chau,https://www.foody.vn/ho-chi-minh/com-chao-trieu-chau,"450 Hồng Bàng, P. 16, Quận 11, TP. HCM",7.252,8,10.7538915,106.6487368,2026-06-07 02:58:24.558712+00:00
47293,Gà Rán & Burger McDonald's Đa Kao,/ho-chi-minh/ga-ran-burger-mcdonald-s-da-kao,https://www.foody.vn/ho-chi-minh/ga-ran-burger-mcdonald-s-da-kao,"2 - 6 Bis Điện Biên Phủ, Quận 1, TP. HCM",7.188,627,10.792209,106.69901,2026-06-07 02:58:24.558712+00:00
964099,Gong Cha - Trà & Cà Phê - Lê Đại Hành,/ho-chi-minh/gong-cha-tra-ca-phe-le-dai-hanh,https://www.foody.vn/ho-chi-minh/gong-cha-tra-ca-phe-le-dai-hanh,"Tòa Nhà Emporium, 184 Lê Đại Hành, P. 15, Quận 11, TP. HCM",7.752,8,10.7647706,106.6556151,2026-06-07 02:58:24.558712+00:00
1065885,Starbucks Coffee - Saigon Royal,/ho-chi-minh/starbucks-coffee-saigon-royal,https://www.foody.vn/ho-chi-minh/starbucks-coffee-saigon-royal,"Lô TM 1.01, Tầng 1, Tháp Saigon Royal A, 34-35 Bến Vân Đồn, P. 12, Quận 4, TP. HCM",8.2,2,10.7672688,106.7039467,2026-06-07 02:58:25.677056+00:00
46789,Nước Mát Hồ Lô Vàng - Trần Hưng Đạo,/ho-chi-minh/nuoc-mat-ho-lo-vang,https://www.foody.vn/ho-chi-minh/nuoc-mat-ho-lo-vang,"315 - 317 Trần Hưng Đạo, P. 10, Quận 5, TP. HCM",7.578,26,10.752117,106.662561,2026-06-07 02:58:25.677056+00:00
952360,Kim Chi - Bún Bò Huế,/ho-chi-minh/kim-chi-bun-bo-hue,https://www.foody.vn/ho-chi-minh/kim-chi-bun-bo-hue,"592 Nguyễn Oanh, P. 6, Quận Gò Vấp, TP. HCM",10.0,1,10.845228,106.677679,2026-06-07 02:58:25.677056+00:00
865946,Mì Ý A Long Spaghetti - Không Chi Nhánh - 553/7 Trần Hưng Đạo,/ho-chi-minh/mi-y-a-long-spaghetti-khong-chi-nhanh-555-7-tran-hung-dao,https://www.foody.vn/ho-chi-minh/mi-y-a-long-spaghetti-khong-chi-nhanh-555-7-tran-hung-dao,"553/7 Trần Hưng Đạoo, P. Cầu Kho, Quận 1, TP. HCM",7.312,18,10.7571587,106.6866816,2026-06-07 02:58:25.677056+00:00
697140,Gà Bó Xôi 1Ngon,/ho-chi-minh/ga-bo-xoi-1ngon,https://www.foody.vn/ho-chi-minh/ga-bo-xoi-1ngon,"65/6H Nguyễn Thị Huê, Ấp Trung Lân, X. Bà Điểm, Huyện Hóc Môn, TP. HCM",6.978,18,10.845743,106.6030383,2026-06-07 02:58:25.677056+00:00
12732,Bánh Cuốn 72,/ho-chi-minh/banh-cuon-72,https://www.foody.vn/ho-chi-minh/banh-cuon-72,"120 Tuy Lý Vương, P. 13, Quận 8, TP. HCM",8.068,6,10.743521,106.653847,2026-06-07 02:58:25.677056+00:00
1083,Bánh Canh Ghẹ - Cầu Bông,/ho-chi-minh/banh-canh-ghe-cau-bong,https://www.foody.vn/ho-chi-minh/banh-canh-ghe-cau-bong,"2 Lê Văn Duyệt, P. 1, Quận Bình Thạnh, TP. HCM",5.864,215,10.7942333,106.6962872,2026-06-07 02:58:25.677056+00:00
47588,Đặc Sản Phan Rang 2 Phượng - Cách Mạng Tháng Tám,/ho-chi-minh/dac-san-phan-rang-2-phuong-cach-mang-thang-tam,https://www.foody.vn/ho-chi-minh/dac-san-phan-rang-2-phuong-cach-mang-thang-tam,"544 Cách Mạng Tháng Tám, Quận 3, TP. HCM",6.28,68,10.78589,106.66695,2026-06-07 02:58:25.677056+00:00
1075983,BÁNH MÌ QUẢNG NAM,/ho-chi-minh/banh-mi-quang-nam,https://www.foody.vn/ho-chi-minh/banh-mi-quang-nam,"171 Thành Thái, P. 14, Quận 10, TP. HCM",8.5,2,10.775658,106.663863,2026-06-07 02:58:25.677056+00:00
1043708,Cá Viên Chiên 176 - Trần Thiện Chánh,/ho-chi-minh/ca-vien-chien-176-tran-thien-chanh,https://www.foody.vn/ho-chi-minh/ca-vien-chien-176-tran-thien-chanh,"10 Trần Thiện Chánh, P. 12, Quận 10, TP. HCM",8.068,3,10.770801,106.6713825,2026-06-07 02:58:25.677056+00:00
734416,Bún Đậu 29 - Thành Thái,/ho-chi-minh/bun-dau-29-thanh-thai,https://www.foody.vn/ho-chi-minh/bun-dau-29-thanh-thai,"35 Thành thái, P. 14, Quận 10, TP. HCM",5.678,62,10.7715849,106.6654951,2026-06-07 02:58:25.677056+00:00
717078,Gà Rán & Burger Lotteria - Vạn Hạnh Mall,/ho-chi-minh/ga-ran-burger-lotteria-van-hanh-mall,https://www.foody.vn/ho-chi-minh/ga-ran-burger-lotteria-van-hanh-mall,"Tầng Hầm 1 - B4 Vạn Hạnh Mall, 11 Sư Vạn Hạnh, P. 12, Quận 10, TP. HCM",7.444,14,10.7705953,106.6699371,2026-06-07 02:58:25.677056+00:00
719632,Texas Chicken - Vạn Hạnh Mall,/ho-chi-minh/texas-chicken-van-hanh-mall,https://www.foody.vn/ho-chi-minh/texas-chicken-van-hanh-mall,"16 Vạn Hạnh Mall, 11 Sư Vạn Hạnh, P. 12, Quận 10, TP. HCM",6.38,21,10.770823,106.669862,2026-06-07 02:58:26.779816+00:00
996309,Gà Rán Popeyes - An Dương Vương,/ho-chi-minh/ga-ran-popeyes-an-duong-vuong,https://www.foody.vn/ho-chi-minh/ga-ran-popeyes-an-duong-vuong,"326 An Dương Vương, P. 4, Quận 5, TP. HCM",6.98,30,10.75972,106.679534,2026-06-07 02:58:26.779816+00:00
178529,Texas Chicken - Sư Vạn Hạnh,/ho-chi-minh/texas-chicken-su-van-hanh,https://www.foody.vn/ho-chi-minh/texas-chicken-su-van-hanh,"463 Sư Vạn Hạnh, Quận 10, TP. HCM",6.576,217,10.7733956,106.6686922,2026-06-07 02:58:26.779816+00:00
1024004,Cà Phê Ông Bầu - Nguyển Bỉnh Khiêm,/ho-chi-minh/ca-phe-ong-bau-nguyen-binh-khiem,https://www.foody.vn/ho-chi-minh/ca-phe-ong-bau-nguyen-binh-khiem,"Số 4 Nguyển Bỉnh Khiêm, P. Đa Kao, Quận 1, TP. HCM",9.534,9,10.7889898,106.7032671,2026-06-07 02:58:26.779816+00:00
662933,Út Minh - Cơm Gà Xối Mỡ & Mì Trộn Tóp Mỡ - Nguyễn Gia Trí,/ho-chi-minh/ut-minh-com-ga-xoi-mo-mi-tron-top-mo-nguyen-gia-tri,https://www.foody.vn/ho-chi-minh/ut-minh-com-ga-xoi-mo-mi-tron-top-mo-nguyen-gia-tri,"1 Lô A3 Nguyễn Gia Trí Nối Dài, P. 25, Quận Bình Thạnh, TP. HCM",8.116,98,10.8096749,106.7177031,2026-06-07 02:58:26.779816+00:00
795340,Bánh Canh Thố Nước Cốt Dừa Hiếu,/ho-chi-minh/banh-canh-tho-nuoc-cot-dua-hieu,https://www.foody.vn/ho-chi-minh/banh-canh-tho-nuoc-cot-dua-hieu,"134 Nguyễn Duy Trinh, Tp. Thủ Đức, TP. HCM",2.6,2,10.7880747,106.7596244,2026-06-07 02:58:26.779816+00:00
764049,Bánh Canh Cá Lóc Trần - Kha Vạn Cân,/ho-chi-minh/tran-banh-canh-ca-loc,https://www.foody.vn/ho-chi-minh/tran-banh-canh-ca-loc,"421 Kha Vạn Cân, P. Linh Đông, Tp. Thủ Đức, TP. HCM",7.466,12,10.8408184,106.7450514,2026-06-07 02:58:26.779816+00:00
632865,The Pizza Company - Tân Sơn Nhì,/ho-chi-minh/the-pizza-company-tan-son-nhi,https://www.foody.vn/ho-chi-minh/the-pizza-company-tan-son-nhi,"456A Tân Sơn Nhì, P. Tân Quý, Quận Tân Phú, TP. HCM",7.476,16,10.7935139,106.6285298,2026-06-07 02:58:26.779816+00:00
1277618,Shari Saigon,/ho-chi-minh/shari-saigon,https://www.foody.vn/ho-chi-minh/shari-saigon,"35 Ngô Quang Huy, P. Thảo Điền, Tp. Thủ Đức, TP. HCM",10.0,1,10.804425,106.734122,2026-06-07 02:58:26.779816+00:00
5999,Út Hương - Cơm & Món Xào,/ho-chi-minh/ut-huong,https://www.foody.vn/ho-chi-minh/ut-huong,"TK18/1 Nguyễn Cảnh Chân, P. Cầu Kho, Quận 1, TP. HCM",6.708,190,10.757794,106.688887,2026-06-07 02:58:26.779816+00:00
41900,Dimsum Tân Sanh Hoạt,/ho-chi-minh/dimsum-tan-sanh-hoat,https://www.foody.vn/ho-chi-minh/dimsum-tan-sanh-hoat,"322 Nguyễn Thị Minh Khai, Quận 3, TP. HCM",6.244,60,10.772719,106.688426,2026-06-07 02:58:26.779816+00:00
73063,Cháo 174 - Nguyễn Tri Phương,/ho-chi-minh/chao-174-nguyen-tri-phuong,https://www.foody.vn/ho-chi-minh/chao-174-nguyen-tri-phuong,"174 Nguyễn Tri Phương, P. 9, Quận 5, TP. HCM",5.438,30,10.760029,106.668851,2026-06-07 02:58:26.779816+00:00
695323,Cơm Gà Ngon - Tô Vĩnh Diện,/ho-chi-minh/com-ga-ngon-to-vinh-dien,https://www.foody.vn/ho-chi-minh/com-ga-ngon-to-vinh-dien,"15 Tô Vĩnh Diện, P. Linh Chiểu, Tp. Thủ Đức, TP. HCM",5.5,4,10.852149,106.7666833,2026-06-07 02:58:27.960575+00:00
1120291,Xôi Bình Tiên - Âu Cơ,/ho-chi-minh/xoi-binh-tien-au-co,https://www.foody.vn/ho-chi-minh/xoi-binh-tien-au-co,"390 Âu Cơ, P. 10, Quận Tân Bình, TP. HCM",8.6,1,10.7781596,106.6459344,2026-06-07 02:58:27.960575+00:00
743945,Bigbro Korean Hotdog,/ho-chi-minh/bigbro-korean-hotdog,https://www.foody.vn/ho-chi-minh/bigbro-korean-hotdog,"85 Hồ Tùng Mậu, P. Bến Nghé, Quận 1, TP. HCM",7.616,116,10.77214,106.703667,2026-06-07 02:58:27.960575+00:00
221194,Chị Hương - Bánh Tráng Chấm Trứng Bơ,/ho-chi-minh/banh-trang-cham-trung-bo,https://www.foody.vn/ho-chi-minh/banh-trang-cham-trung-bo,"218 Tuy Lý Vương, P. 13, Quận 8, TP. HCM",7.2,19,10.7427275,106.65234,2026-06-07 02:58:27.960575+00:00
696773,Công Hằng - Bánh Canh Chả Cá Nha Trang - Cư Xá Phú Lâm B,/ho-chi-minh/cong-hang-banh-canh-cha-ca-nha-trang-cu-xa-phu-lam-b,https://www.foody.vn/ho-chi-minh/cong-hang-banh-canh-cha-ca-nha-trang-cu-xa-phu-lam-b,"D17 Cư Xá Phú Lâm B, P. 13, Quận 6, TP. HCM",5.4,3,10.753139,106.6295535,2026-06-07 02:58:27.960575+00:00
84506,Bánh Cuốn Bắc - Bánh Cuốn Hải Phòng,/ho-chi-minh/banh-cuon-bac-banh-cuon-hai-phong,https://www.foody.vn/ho-chi-minh/banh-cuon-bac-banh-cuon-hai-phong,"21A Bùi Thị Xuân, P. Bến Thành, Quận 1, TP. HCM",6.522,21,10.771569,106.690266,2026-06-07 02:58:27.960575+00:00
731893,Gà Rán KFC - Hiệp Bình,/ho-chi-minh/kfc-hiep-binh,https://www.foody.vn/ho-chi-minh/kfc-hiep-binh,"112 Hiệp Bình, P. Hiệp Bình Chánh, Tp. Thủ Đức, TP. HCM",5.412,17,10.8423077,106.7311902,2026-06-07 02:58:27.960575+00:00
133342,Gà rán & Burger McDonald's Vivo,/ho-chi-minh/ga-ran-burger-mcdonald-s-vivo,https://www.foody.vn/ho-chi-minh/ga-ran-burger-mcdonald-s-vivo,"Tầng 1 - SC VivoCity, 1058 Nguyễn Văn Linh, KP. 1, P. Tân Phong, Quận 7, TP. HCM",7.086,70,10.729806,106.703429,2026-06-07 02:58:27.960575+00:00
91713,Cơm Trộn 2 Cô - Xô Viết Nghệ Tĩnh,/ho-chi-minh/com-tron-2-co,https://www.foody.vn/ho-chi-minh/com-tron-2-co,"294/63 Xô Viết Nghệ Tĩnh, P. 21, Quận Bình Thạnh, TP. HCM",6.45,282,10.8000684,106.7127907,2026-06-07 02:58:27.960575+00:00
897,Morico - Contemporary Japanese Lifestyle - Saigon Pearl,/ho-chi-minh/morico-modern-japanese-restaurant-cafe-saigon-pearl,https://www.foody.vn/ho-chi-minh/morico-modern-japanese-restaurant-cafe-saigon-pearl,"Tầng trệt, Tòa nhà Sapphire, Số 92 Nguyễn Hữu Cảnh, P. 22, Quận Bình Thạnh, TP. HCM",7.646,218,10.7908811,106.7190231,2026-06-07 02:58:27.960575+00:00
1053745,Cô Điệp - Nem Nướng Nha Trang - Khánh Hội,/ho-chi-minh/co-diep-nem-nuong-nha-trang-khanh-hoi,https://www.foody.vn/ho-chi-minh/co-diep-nem-nuong-nha-trang-khanh-hoi,"216 Khánh Hội, P. 6, Quận 4, TP. HCM",8.542,21,10.758868,106.699199,2026-06-07 02:58:27.960575+00:00
1068210,Gà Rán & Burger Lotteria - Phạm Văn Chiêu,/ho-chi-minh/ga-ran-burger-lotteria-pham-van-chieu,https://www.foody.vn/ho-chi-minh/ga-ran-burger-lotteria-pham-van-chieu,"65 Phạm Văn Chiêu, P. 14, Quận Gò Vấp, TP. HCM",10.0,1,10.8455125,106.6422185,2026-06-07 02:58:27.960575+00:00
112585,Papaxốt - Quang Trung,/ho-chi-minh/papaxot,https://www.foody.vn/ho-chi-minh/papaxot,"458 Quang Trung, Quận Gò Vấp, TP. HCM",6.682,227,10.8344128,106.6647571,2026-06-07 02:58:29.137540+00:00
9225,TOUS les JOURS - Trần Hưng Đạo,/ho-chi-minh/tous-les-jours-tran-hung-dao,https://www.foody.vn/ho-chi-minh/tous-les-jours-tran-hung-dao,"59 Trần Hưng Đạo, P. Nguyễn Thái Bình, Quận 1, TP. HCM",6.562,150,10.769209,106.696622,2026-06-07 02:58:29.137540+00:00
971327,Quán Bún Ngan Phố Cổ,/ho-chi-minh/quan-bun-ngan-pho-co,https://www.foody.vn/ho-chi-minh/quan-bun-ngan-pho-co,"146 Lý Chính Thắng, P. 7, Quận 3, TP. HCM",6.772,14,10.786092,106.684567,2026-06-07 02:58:29.137540+00:00
18151,Bánh Mì Lệ Hà Nội - Thành Thái,/ho-chi-minh/banh-mi-le-ha-noi-thanh-thai,https://www.foody.vn/ho-chi-minh/banh-mi-le-ha-noi-thanh-thai,"42 - 44 Thành Thái, P. 12, Quận 10, TP. HCM",6.576,25,10.768872,106.666625,2026-06-07 02:58:29.137540+00:00
710175,Quán Ty - Bún Chả Cá Đà Nẵng,/ho-chi-minh/quan-ty-bun-cha-ca-da-nang,https://www.foody.vn/ho-chi-minh/quan-ty-bun-cha-ca-da-nang,"69 Trần Hưng Đạo, P. Tân Thành, Quận Tân Phú, TP. HCM",7.6,1,10.7954322,106.6355135,2026-06-07 02:58:29.137540+00:00
1395,Phở Hữu,/ho-chi-minh/pho-huu,https://www.foody.vn/ho-chi-minh/pho-huu,"58 Cửu Long, P. 15, Quận 10, TP. HCM",6.134,47,10.782104,106.661936,2026-06-07 02:58:29.137540+00:00
1001301,Koo Kui Desserts - Cổ Cư Chè Quán,/ho-chi-minh/koo-kui-desserts-co-cu-che-quan,https://www.foody.vn/ho-chi-minh/koo-kui-desserts-co-cu-che-quan,"949 Nguyễn Trãi, P. 14, Quận 5, TP. HCM",6.9,18,10.752773,106.654858,2026-06-07 02:58:29.137540+00:00
927445,Bánh Mì Vân Anh - Xô Viết Nghệ Tĩnh,/ho-chi-minh/banh-mi-van-anh-xo-viet-nghe-tinh,https://www.foody.vn/ho-chi-minh/banh-mi-van-anh-xo-viet-nghe-tinh,"245A Xô Viết Nghệ Tĩnh, P. 17, Quận Bình Thạnh, TP. HCM",5.732,3,10.800768,106.711013,2026-06-07 02:58:29.137540+00:00
964757,Sukiya - Cơm Bò Hầm & Mì Ramen - Vincom Lê Văn Việt,/ho-chi-minh/sukiya-com-bo-ham-mi-ramen-vincom-le-van-viet,https://www.foody.vn/ho-chi-minh/sukiya-com-bo-ham-mi-ramen-vincom-le-van-viet,"Vincom Lê Văn Việt, 50 Lê Văn Việt, P. Hiệp Phú, Tp. Thủ Đức, TP. HCM",7.9,4,10.845345,106.77874,2026-06-07 02:58:29.137540+00:00
1079080,Trà Sữa 126,/ho-chi-minh/tra-sua-126,https://www.foody.vn/ho-chi-minh/tra-sua-126,"126 Xô Viết Nghệ Tĩnh, P. 21, Quận Bình Thạnh, TP. HCM",5.0,1,10.7965713,106.710441,2026-06-07 02:58:29.137540+00:00
888481,Quán Chay Hoa Minh,/ho-chi-minh/quan-chay-hoa-minh,https://www.foody.vn/ho-chi-minh/quan-chay-hoa-minh,"189/8 Cống Quỳnh, P. Nguyễn Cư Trinh, Quận 1, TP. HCM",4.0,12,10.767288,106.6865409,2026-06-07 02:58:29.137540+00:00
3150,Bánh Canh Ghẹ Muối Ớt Xanh - Nguyễn Tri Phương,/ho-chi-minh/banh-canh-ghe-nguyen-tri-phuong,https://www.foody.vn/ho-chi-minh/banh-canh-ghe-nguyen-tri-phuong,"484A Nguyễn Tri Phương, P. 9, Quận 10, TP. HCM",5.632,349,10.767089,106.667303,2026-06-07 02:58:29.137540+00:00
248331,Pepper Lunch - Saigon Centre,/ho-chi-minh/pepper-lunch-saigon-centre,https://www.foody.vn/ho-chi-minh/pepper-lunch-saigon-centre,"Tầng 5, Saigon Centre, 65 Lê Lợi, P. Bến Nghé, Quận 1, TP. HCM",7.214,59,10.773599,106.700937,2026-06-07 02:58:30.236714+00:00
755713,Cơm Tấm Ba Há - Hưng Phú,/ho-chi-minh/com-tam-ba-ha-hung-phu,https://www.foody.vn/ho-chi-minh/com-tam-ba-ha-hung-phu,"389 Hưng Phú, Quận 8, TP. HCM",7.308,13,10.747549,106.67497,2026-06-07 02:58:30.236714+00:00
699404,Bà Sáu - Bánh Mì Phá Lấu - Hoàng Diệu,/ho-chi-minh/ba-sau-banh-mi-pha-lau-hoang-dieu,https://www.foody.vn/ho-chi-minh/ba-sau-banh-mi-pha-lau-hoang-dieu,"104 Hoàng Diệu, P. 12, Quận 4, TP. HCM",5.526,16,10.7641817,106.7046019,2026-06-07 02:58:30.236714+00:00
44790,Đồng Tiến Bakery - Bàu Cát,/ho-chi-minh/dong-tien-bake-bau-cat,https://www.foody.vn/ho-chi-minh/dong-tien-bake-bau-cat,"93 Bàu Cát, P. 14, Quận Tân Bình, TP. HCM",5.688,21,10.792767,106.641907,2026-06-07 02:58:30.236714+00:00
1123633,Ông Trùm Bánh Huế - Huỳnh Khương Ninh,/ho-chi-minh/ong-trum-banh-hue-huynh-khuong-ninh,https://www.foody.vn/ho-chi-minh/ong-trum-banh-hue-huynh-khuong-ninh,"20 Huỳnh Khương Ninh, Đa Kao, Quận 1, TP. HCM",8.6,1,10.7906147,106.6965024,2026-06-07 02:58:30.236714+00:00
761662,Bảo Bình Quán - Giò Heo Tóc Tiên,/ho-chi-minh/bao-binh-quan-gio-heo-toc-tien,https://www.foody.vn/ho-chi-minh/bao-binh-quan-gio-heo-toc-tien,"33 Học Lạc, P. 14, Quận 5, TP. HCM",9.5,2,10.753054,106.654526,2026-06-07 02:58:30.236714+00:00
695247,Vịt Cay Số 1 Singapore,/ho-chi-minh/vit-cay-so-1-singapore,https://www.foody.vn/ho-chi-minh/vit-cay-so-1-singapore,"445 Bà Hạt, P. 8, Quận 10, TP. HCM",6.086,14,10.765583,106.667315,2026-06-07 02:58:30.236714+00:00
892743,Nem Nướng Bà Chín,/ho-chi-minh/nem-nuong-ba-chin,https://www.foody.vn/ho-chi-minh/nem-nuong-ba-chin,"58 Trần Hưng Đạo, P. Hiệp Phú, Tp. Thủ Đức, TP. HCM",6.1,2,10.8446759,106.7739313,2026-06-07 02:58:30.236714+00:00
1079660,Min Hotdog - 3 Tháng 2,/ho-chi-minh/min-hotdog-3-thang-2,https://www.foody.vn/ho-chi-minh/min-hotdog-3-thang-2,"207/35 Đường 3/2, P. 11, Quận 10, TP. HCM",7.7,2,10.7714716,106.6744062,2026-06-07 02:58:30.236714+00:00
754354,Bún Bò Huế Má Nấu,/ho-chi-minh/bun-bo-hue-ma-nau,https://www.foody.vn/ho-chi-minh/bun-bo-hue-ma-nau,"182b Trần Bình Trọng, P. 3, Quận 5, TP. HCM",6.58,11,10.7594436,106.6803949,2026-06-07 02:58:30.236714+00:00
727720,"Liến Húa - Hủ Tiếu Nam Vang, Há Cảo & Xíu Mại",/ho-chi-minh/lien-hua-hu-tieu-nam-vang-ha-cao-xiu-mai,https://www.foody.vn/ho-chi-minh/lien-hua-hu-tieu-nam-vang-ha-cao-xiu-mai,"213 Hùng Vương, P. 9, Quận 5, TP. HCM",6.54,10,10.7603679,106.6738762,2026-06-07 02:58:30.236714+00:00
881690,Trà Sữa Gong Cha - 貢茶 - Gigamall,/ho-chi-minh/tra-sua-gong-cha-giga-mall,https://www.foody.vn/ho-chi-minh/tra-sua-gong-cha-giga-mall,"Tầng 5 Giga Mall, 240 Phạm Văn Đồng, P. Hiệp Bình Chánh, Tp. Thủ Đức, TP. HCM",4.588,15,10.8283561447728,106.7219056968327,2026-06-07 02:58:30.236714+00:00
990582,Ngọc Bích - Cháo Dinh Dưỡng - Nguyễn Oanh,/ho-chi-minh/ngoc-bich-chao-dinh-duong-nguyen-oanh,https://www.foody.vn/ho-chi-minh/ngoc-bich-chao-dinh-duong-nguyen-oanh,"136/1 Nguyễn Oanh, P. 17, Quận Gò Vấp, TP. HCM",9.126,13,10.831672,106.677519,2026-06-07 02:58:31.409797+00:00
213374,Bún Thịt Nướng Kiều Bảo - Nguyễn Tri Phương,/ho-chi-minh/bun-thit-nuong-kieu-bao-nguyen-tri-phuong,https://www.foody.vn/ho-chi-minh/bun-thit-nuong-kieu-bao-nguyen-tri-phuong,"329 Nguyễn Tri Phương, P. 8, Quận 10, TP. HCM",7.094,179,10.762467,106.6681524,2026-06-07 02:58:31.409797+00:00
108737,Bún Cá Rô Đồng Hoàng Cúc - Nguyễn Oanh,/ho-chi-minh/bun-ca-ro-dong-hoang-cuc-nguyen-oanh,https://www.foody.vn/ho-chi-minh/bun-ca-ro-dong-hoang-cuc-nguyen-oanh,"236 Nguyễn Oanh, P. 17, Quận Gò Vấp, TP. HCM",8.1,2,10.8368529,106.6756673,2026-06-07 02:58:31.409797+00:00
1136626,Quán Cơm Nhà - Phạm Ngũ Lão,/ho-chi-minh/quan-com-nha-pham-ngu-lao,https://www.foody.vn/ho-chi-minh/quan-com-nha-pham-ngu-lao,"175/9 Phạm Ngũ Lão, P. Phạm Ngũ Lão, Quận 1, TP. HCM",10.0,1,10.7700804,106.6941209,2026-06-07 02:58:31.409797+00:00
955472,Cơm Tấm Ông Bà Già - 105 Lê Trọng Tấn,/ho-chi-minh/com-tam-ong-ba-gia-105-le-trong-tan,https://www.foody.vn/ho-chi-minh/com-tam-ong-ba-gia-105-le-trong-tan,"105 Lê Trọng Tấn, P. Sơn Kỳ, Quận Tân Phú, TP. HCM",4.8,1,10.8057479,106.6292832,2026-06-07 02:58:31.409797+00:00
70706,Ngọc Nga - Bánh Flan Thập Cẩm - Đường 20 Thước,/ho-chi-minh/banh-flan-thap-cam,https://www.foody.vn/ho-chi-minh/banh-flan-thap-cam,"F88 Hoàng Diệu, P. 8, Quận 4, TP. HCM",7.456,298,10.762515,106.703177,2026-06-07 02:58:31.409797+00:00
40584,Bà Bắc - Bánh Tráng Cuốn Trộn,/ho-chi-minh/ba-bac-banh-trang-cuon-tron,https://www.foody.vn/ho-chi-minh/ba-bac-banh-trang-cuon-tron,"40 Đường Số 11, Quận 4, TP. HCM",6.716,404,10.757043,106.702719,2026-06-07 02:58:31.409797+00:00
874543,Cơm Tấm Nụ,/ho-chi-minh/com-tam-nu,https://www.foody.vn/ho-chi-minh/com-tam-nu,"19 Đường Số 6, P. Linh Chiểu, Tp. Thủ Đức, TP. HCM",4.266,3,10.853077,106.76912,2026-06-07 02:58:31.409797+00:00
1040738,Một Góc Nhà - Mì Quảng & Món Cuốn,/ho-chi-minh/mot-goc-nha-mi-quang-mon-cuon,https://www.foody.vn/ho-chi-minh/mot-goc-nha-mi-quang-mon-cuon,"439-441 Bạch Đằng, P. 2, Quận Bình Thạnh, TP. HCM",9.2,1,10.8035048,106.7021158,2026-06-07 02:58:31.409797+00:00
681426,Bánh Bao Chiên Chú Hùng,/ho-chi-minh/banh-bao-chien-chu-hung,https://www.foody.vn/ho-chi-minh/banh-bao-chien-chu-hung,"Hẻm 75 Lý Chính Thắng, Quận 3, TP. HCM",8.16,25,10.7896826,106.6859603,2026-06-07 02:58:31.409797+00:00
1124491,Quán Lẩu Ly Thập Cẩm - Chu Mạnh Trinh,/ho-chi-minh/quan-lau-ly-thap-cam-chu-manh-trinh,https://www.foody.vn/ho-chi-minh/quan-lau-ly-thap-cam-chu-manh-trinh,"57 Chu Mạnh Trinh, P. Bình Thọ, Tp. Thủ Đức, TP. HCM",10.0,1,10.8477768604763,106.7678148544434,2026-06-07 02:58:31.409797+00:00
150705,Há Cảo Kiều Ký - Lão Tử,/ho-chi-minh/ha-cao-kieu-ky-lao-tu,https://www.foody.vn/ho-chi-minh/ha-cao-kieu-ky-lao-tu,"43 Lão Tử, P. 14, Quận 5, TP. HCM",7.428,38,10.7535776,106.6578075,2026-06-07 02:58:31.409797+00:00
295471,Bún Bò Chả Ghẹ 7 Ghiền - Bún Bò - Lê Văn Thọ,/ho-chi-minh/bun-bo-cha-ghe-7-ghien-bun-bo-le-van-tho,https://www.foody.vn/ho-chi-minh/bun-bo-cha-ghe-7-ghien-bun-bo-le-van-tho,"111 Lê Văn Thọ, P. 8, Quận Gò Vấp, TP. HCM",7.734,15,10.839557,106.657413,2026-06-07 02:58:32.536317+00:00
1046841,Trà Sữa Sunday Basic - Lê Đại Hành,/ho-chi-minh/tra-sua-sunday-basic-le-dai-hanh,https://www.foody.vn/ho-chi-minh/tra-sua-sunday-basic-le-dai-hanh,"215 Lê Đại Hành, P. 13, Quận 11, TP. HCM",9.2,4,10.7637707,106.656003,2026-06-07 02:58:32.536317+00:00
4501,Tokyo Deli Express - Sushi - Park View Phú Mỹ Hưng,/ho-chi-minh/tokyo-deli-park-view-phu-my-hung,https://www.foody.vn/ho-chi-minh/tokyo-deli-park-view-phu-my-hung,"SC6-1, Nguyễn Đức Cảnh, P. Tân Phong, Quận 7, TP. HCM",7.332,130,10.726029,106.708971,2026-06-07 02:58:32.536317+00:00
1051952,Ô Mai Gót - Nem Chua Rán Hà Nội - Đường 15,/ho-chi-minh/o-mai-got-nem-chua-ran-ha-noi-duong-15,https://www.foody.vn/ho-chi-minh/o-mai-got-nem-chua-ran-ha-noi-duong-15,"40 Đường 15, P. Tân Kiểng, Quận 7, TP. HCM",9.398,7,10.7455967,106.7088939,2026-06-07 02:58:32.536317+00:00
1072,Bánh Cuốn Hải Nam - Cao Thắng,/ho-chi-minh/banh-cuon-hai-nam,https://www.foody.vn/ho-chi-minh/banh-cuon-hai-nam,"11A Cao Thắng, P. 2, Quận 3, TP. HCM",5.048,229,10.768503,106.683726,2026-06-07 02:58:32.536317+00:00
121711,Bún Riêu Gánh Bến Thành - Lê Thánh Tôn,/ho-chi-minh/bun-rieu-ganh-ben-thanh-le-thanh-ton,https://www.foody.vn/ho-chi-minh/bun-rieu-ganh-ben-thanh-le-thanh-ton,"163 Lê Thánh Tôn, P. Bến Thành, Quận 1, TP. HCM",5.788,89,10.7738394,106.6989746,2026-06-07 02:58:32.536317+00:00
1057850,Cơm Tấm Dì Kim - Lê Đức Thọ,/ho-chi-minh/com-tam-di-kim-le-duc-tho,https://www.foody.vn/ho-chi-minh/com-tam-di-kim-le-duc-tho,"321 Lê Đức Thọ, P. 17, Quận Gò Vấp, TP. HCM",8.4,1,10.841672,106.676978,2026-06-07 02:58:32.536317+00:00
32632,Gà Rán KFC - Co.op Mart Nguyễn Ảnh Thủ,/ho-chi-minh/kfc-co-op-mart-nguyen-anh-thu,https://www.foody.vn/ho-chi-minh/kfc-co-op-mart-nguyen-anh-thu,"167/2 Nguyễn Ảnh Thủ, P. Trung Mỹ Tây, Quận 12, TP. HCM",6.852,32,10.8574102,106.608864,2026-06-07 02:58:32.536317+00:00
659955,Vina Chuối - Huỳnh Thúc Kháng,/ho-chi-minh/vina-chuoi-huynh-thuc-khang,https://www.foody.vn/ho-chi-minh/vina-chuoi-huynh-thuc-khang,"25 Huỳnh Thúc Kháng, P. Bến Nghé, Quận 1, TP. HCM",7.15,33,10.772728,106.702576,2026-06-07 02:58:32.536317+00:00
7191,Bún Thịt Nướng Hoàng Văn - 137 Chấn Hưng,/ho-chi-minh/bun-thit-nuong-hoang-van-137-chan-hung,https://www.foody.vn/ho-chi-minh/bun-thit-nuong-hoang-van-137-chan-hung,"137 Chấn Hưng, P. 6, Quận Tân Bình, TP. HCM",7.282,150,10.7851877,106.6621266,2026-06-07 02:58:32.536317+00:00
1777,Bánh Cuốn Tây Hồ - Đinh Tiên Hoàng,/ho-chi-minh/banh-cuon-tay-ho-dinh-tien-hoang,https://www.foody.vn/ho-chi-minh/banh-cuon-tay-ho-dinh-tien-hoang,"127 Đinh Tiên Hoàng, P. Đa Kao, Quận 1, TP. HCM",5.892,131,10.790711,106.697051,2026-06-07 02:58:32.536317+00:00
932823,Hoàng Ty Group - Đặc Sản Trảng Bàng - Mạc Đĩnh Chi,/ho-chi-minh/hoang-ty-group-dac-san-trang-bang-mac-dinh-chi,https://www.foody.vn/ho-chi-minh/hoang-ty-group-dac-san-trang-bang-mac-dinh-chi,"38 Mạc Đĩnh Chi, P. Đa Kao, Quận 1, TP. HCM",7.736,29,10.7869267,106.6972671,2026-06-07 02:58:32.536317+00:00
